title,description,published_at,link,type,id
目WLFI推出的美元穩定幣USD1成交量已超4491萬美元,"Odaily星球日報訊 根據CoinGecko 數據，由川普加密計畫WLFI 推出的美元穩定幣USD1 成交額已超4,491 萬美元。 今日消息，DWF Labs 已開始在以太坊和BSC 鏈上添加USD1 流動性。",2025-04-12 23:58:17,https://www.odaily.news/zhtw/newsflash/426889,newsflashes,426889
BTC突破85000 USDT，24H漲幅4.09%,"Odaily星球日報訊 OKX 行情顯示，BTC 突破85,000 USDT，現報85044 USDT，24H 漲幅4.09%。 （本條快訊由AI輔助生成）",2025-04-12 22:32:00,https://www.odaily.news/zhtw/newsflash/426887,newsflashes,426887
Andrew Kang：貿易戰與「川普Put」將助推BTC扭轉多個月下行趨勢,Odaily星球日報訊 交易員Andrew Kang 發文表示，當前貿易戰引發的市場出清疊加「川普Put」預期，為BTC 扭轉個多月下降趨勢提供了完美契機。他暗示BTC 或將迎來強勢反彈行情。,2025-04-12 22:24:10,https://www.odaily.news/zhtw/newsflash/426886,newsflashes,426886
星球晚訊,1：溫哥華市長：正在評估將部分城市財政儲備轉換為比特幣； 2：幣安將調整ORCAUSDT 合約資金費率結算頻率； 3：眾安銀行調研：超3/4 受訪者希望香港擴大加密貨幣支持並使用Tether 和USDC 等穩定幣； 4：交易員Eugene：已止損此前空單，市場正顯現強勢將觀望為主； 5：Tether 在Tron 網絡增發10 億枚USDT，年內累計增發已達90 億枚； 6：分析稱ETH 或已完成本輪市場築底，鏈上指標顯示或接近反轉區間；7：DWF Labs 已在ETH 與BSC 部署USD1 流動性，USD1 將正式上線流通； 8：CZ 回應WSJ 報導：有人買通記者抹黑我，政府證人不會入獄； 9：DWF Labs 合夥人：持有USD1 可優先參與Falcon Stable 內測及Farm 活動； 10：幣安將上線PUMPUSDT、STOUSDT 和FHEUSDT 永續合約；11：以太坊過去30 天處理了1.18 兆美元的穩定幣轉賬，創歷史新高。,2025-04-12 21:18:41,https://www.odaily.news/zhtw/newsflash/426883,newsflashes,426883
DWF Labs已在ETH與BSC部署USD1流動性，USD1將正式上線流通,"Odaily星球日報訊 根據@EmberCN 監測，DWF Labs 已開始在鏈上部署由川普家族支持的DeFi 計畫WLFI 推出的美元穩定幣USD1 流動性，標誌著該穩定幣現已支援鏈上流通與交易。數據顯示，過去8 天內，DWF Labs 地址在以太坊和BSC 兩條鏈上共從WLFI 接收了1,100 萬枚USD1。 目前部署情況包括： 以太坊鏈：已在Uniswap V3 上部署USDT/USD1、USDC/USD1、USDf/USD1、ETH/USD1 交易對； BSC 鏈：已在PancakeSwap V3 上部署USDT/USD1、BNB/USD1 交易對。
",2025-04-12 17:47:59,https://www.odaily.news/zhtw/newsflash/426876,newsflashes,426876
TRC20-USDT發行量突破687億枚，創歷史新高,"Odaily星球日報訊 最新消息，TRC20-USDT 發行量增加至687 億枚，創歷史新高。今年以來，波場網路已累計增發近90 億枚USDT，截至目前，TRC20-USDT 佔全網USDT 總發行量的47.6%，持有帳戶數達6,402 萬，累計轉帳數超過24.35 億筆。 此外，波場TRON 總帳戶數昨日突破三億大關，波場TRON 創始人孫宇晨對此表示：「一切才剛開始，我們的未來是全球的80 億人」 TRC20-USDT 是Tether 公司基於波場TRON 網路發行的錨定美元的穩定幣，轉帳速度快、低手續費的特徵已吸引了B5、B. ex 等多家交易所的支援。基於TRC20 版本的USDT 將大幅提升波場TRON 現有的去中心化應用生態系統，帶來更高的整體價值儲存和更強的去中心化交易所流動性，並為企業級合作夥伴與機構投資者提供更便捷的區塊鏈入口。
",2025-04-12 17:36:39,https://www.odaily.news/zhtw/newsflash/426875,newsflashes,426875
分析稱ETH或已完成本輪市場築底，鏈上指標顯示或接近反轉區間,"Odaily星球日報訊 據加密分析師Ali Martinez 在社群平台發文稱，ETH 可能已完成本輪市場週期的出清階段。其指出，ETH 的「實體調整休眠流」已跌破100 萬，該鏈上指標通常預示宏觀底部區域，表明ETH 或被低估，長線持有者無意出售，可能存在「聰明資金」正在低位吸籌的情況。 ETH 目前價格約為$1,557，較兩年前下跌17%，同期BTC 漲幅近100%。儘管市場情緒仍低迷，Martinez 警告若拋壓持續，ETH 可能進一步下探至$1,200。但也有分析師NotWojak 認為，ETH 有望突破並上探$1,835。另有交易員指出，BTC 市值佔比（BTC.D）正接近高點，或為山寨幣短期反彈鋪路。目前BTC.D 約為63.5%。 （newsbtc）",2025-04-12 16:38:30,https://www.odaily.news/zhtw/newsflash/426873,newsflashes,426873
Tether在Tron網路增發10億枚USDT，年內累計增發已達90億枚,Odaily星球日報訊 根據@OnchainLens 監測，Tether 今日在Tron 網路增發10 億枚USDT。自2025 年以來，Tether 在Tron 網路累計增發已達90 億枚USDT。,2025-04-12 16:30:57,https://www.odaily.news/zhtw/newsflash/426872,newsflashes,426872
加密壽險新創公司Meanwhile完成4000萬美元A輪融資，Framework與Fulgur領投,"Odaily星球日報訊 加密貨幣領域壽險新創公司Meanwhile 宣布完成4,000 萬美元A 輪融資，估值達1.9 億美元，由Framework Ventures 和Fulgur Ventures 領投。融資資金將用於全球擴張及合規建設。聯合創始人Zac Townsend 表示，比特幣作為去中心化的價值儲存工具，對未來世代具有獨特吸引力。",2025-04-12 16:27:23,https://www.odaily.news/zhtw/newsflash/426870,newsflashes,426870
交易員Eugene：已停損先前空單，市場正顯現強勢將觀望為主,"Odaily星球日報訊 交易員Eugene發文表示，其空單已停損離場，本次交易風險控制在2%。他指出，市場正表現出顯著強勢，關鍵位置（如SOL的125美元）有被重新站上的趨勢，因此將暫時轉為觀望。 先前消息，Eugene曾在BTC觸及83,500美元時小幅做空ETH、SOL與XRP。",2025-04-12 16:19:53,https://www.odaily.news/zhtw/newsflash/426869,newsflashes,426869
BTC突破84000 USDT，24H漲幅3.13%,Odaily星球日報訊 OKX 行情顯示，BTC 突破84000 USDT，現報84002.8 USDT，24H 漲幅3.13%。 （本條快訊由AI輔助生成）,2025-04-12 16:14:00,https://www.odaily.news/zhtw/newsflash/426868,newsflashes,426868
ETH突破1600 USDT，24H漲幅2.4%,Odaily星球日報訊 OKX 行情顯示，ETH 突破1600 USDT，現報1600.38 USDT，24H 漲幅2.4%。 （本條快訊由AI輔助生成）,2025-04-12 16:10:00,https://www.odaily.news/zhtw/newsflash/426867,newsflashes,426867
眾安銀行調查：超3/4受訪者希望香港擴大加密貨幣支持並使用Tether和USDC等穩定幣,"Odaily星球日報訊 香港眾安銀行（ZA Bank）過去三週進行的一項調查結果顯示其客戶歡迎透過銀行購買加密貨幣，其中81%受訪者希望銀行能夠像處理現金一樣直接將加密貨幣轉入轉出，而不是單純地提供加密貨幣買賣解決方案。超過四分之三的受訪者希望香港能夠支援更廣泛的加密貨幣，並希望能夠使用Tether 和USDC 等主流穩定幣。此外，由於先前ByBit 加密貨幣交易所資金遭到駭客攻擊，超過四分之三的客戶也表示信任銀行作為其加密貨幣資金的管理方並信任銀行進行風險控制和詐欺預防。 （LedgerInsights） 註：眾安銀行由眾安國際創立，於2019 年3 月27 日獲香港金融管理局頒發牌照透過線上管道提供銀行服務，2024 年11 月宣佈在其App 推出加密貨幣交易服務，允許用戶透過港幣及美元買賣比特幣和以太坊。
",2025-04-12 16:09:27,https://www.odaily.news/zhtw/newsflash/426866,newsflashes,426866
以太坊過去30天處理了1.18兆美元的穩定幣轉賬，創歷史新高,"Odaily星球日報訊 過去30 天裡，以太幣處理了價值1.18 兆美元的穩定幣轉賬，成為以太幣有史以來穩定幣轉帳額最大的30 天。
",2025-04-12 15:17:01,https://www.odaily.news/zhtw/newsflash/426861,newsflashes,426861
溫哥華市長：正在評估將部分城市財政儲備轉換為比特幣,"Odaily星球日報訊 加拿大溫哥華市長Ken Sim 在最近活動時發表主題演講表示將繼續推動溫哥華成為比特幣友好城市，目前他正在等待市政府工作人員的報告，以確認將數位貨幣融入溫哥華市的金融戰略和體系，包括但不限於接受比特幣支付稅費，以及將部分城市財政儲備轉換為比特幣，以保持購買力並防範傳統貨幣的波動、貶值和通脹壓力。 Odaily 註：Ken Sim 中文名沈觀健，出生於加拿大溫哥華，是中國香港移民後代，於2022 年11 月正式就任加拿大溫哥華市長。 （PEAK）
",2025-04-12 13:41:35,https://www.odaily.news/zhtw/newsflash/426855,newsflashes,426855
星球午訊,"1. 昨日比特幣現貨ETF淨流出100萬美元，以太坊ETF淨流出2920萬美元； 2. 孫宇晨回應WSJ：不了解相關傳言，CZ是我的良師益友，也是我的貴人；3. 交易員Eugene：已在BTC99500時觸及小額1，成為鏈上持倉Top2機構； 5. 美參議院提議對高能耗數據中心徵收排放費，比特幣礦企或受影響； 6. 麥當勞致信美國SEC：無意在5月股東大會上討論比特幣儲備相關提議； 7. Ethena Labs推出USDenuco快照，將每週發布一次釋放結果；突破0.48 USDT，24H漲幅163.14%。
",2025-04-12 13:33:28,https://www.odaily.news/zhtw/newsflash/426854,newsflashes,426854
Ethena Labs推出USDe儲備金證明，將每週發布一次證明結果,"Odaily星球日報訊 Ethena Labs 發文宣布推出USDe 儲備金證明，該證明與Harris  Trotter、Chaos Labs、LlamaRisk 以及Chainlink 合作創建並上線。 USDe 儲備金證明將每週發布一次證明結果，由前述驗證方獨立審查，資料來源包括區塊鏈、託管方及交易所合作夥伴。此外，儲備基金資產不計入USDe 支撐資產的美元價值中。
",2025-04-12 12:20:05,https://www.odaily.news/zhtw/newsflash/426852,newsflashes,426852
DWF Labs在9小時前再次收到500萬枚USD1，成為鏈上持股Top2機構,"Odaily星球日報訊 鏈上資料分析師@ai_9684xtpa 監測表示，DWF Labs 已成為WLFI 推出美元穩定幣USD1 的鏈上持倉TOP2 機構，目前持有600 萬枚USD1。先前於4 月3 日收到100 萬枚穩定幣後，9 小時前DWF Labs 再次在BSC 網路收到500 萬枚USD1，隨後跨鏈至以太坊主網。此外，Wintermute 應為USD1 鏈上持倉TOP1 機構。目前四個地址累計持有5,700 萬枚USD1，是DWF Labs 持股規模的9.5 倍。",2025-04-12 12:09:41,https://www.odaily.news/zhtw/newsflash/426851,newsflashes,426851
昨日比特幣現貨ETF淨流出100萬美元，以太幣ETF淨流出2920萬美元,"Odaily星球日報訊 Farside Investors 監測，昨日美國比特幣現貨ETF 淨流出100 萬美元；美國以太坊現貨ETF 淨流出2,920 萬美元。",2025-04-12 11:56:35,https://www.odaily.news/zhtw/newsflash/426848,newsflashes,426848
Movement：將於今晚將拍攝Cornucopia快照，下週發放獎勵並開放提現,Odaily星球日報訊 Movement 基金會官方宣布，將於今晚將拍攝Cornucopia 快照。 Cornucopia 的第一階段即將結束，獎勵發放和資產提現將於下週進行。 Cornucopia 第二階段將於週三開啟，除了Cornucopia 資產外，還將激勵MOVE/USDC、MOVE/USDT、MOVE/WETH 和MOVE/WBTC 等池子。,2025-04-12 11:12:14,https://www.odaily.news/zhtw/newsflash/426843,newsflashes,426843
Winklevoss Capital轉入Galaxy Digital3750枚ETH後，後者轉入幣安1.25萬枚ETH,Odaily星球日報訊 The Data Nerd 監測顯示，14 小時前，Winklevoss Capital 向Galaxy Digital 轉帳約3750 枚ETH（約584 萬美元）；5 小時後，Galaxy Digital 向Binance 充值1.25 萬枚ETH（約1974 萬美元）。,2025-04-12 11:09:57,https://www.odaily.news/zhtw/newsflash/426842,newsflashes,426842
交易員Eugene：已在BTC觸及83500時小額做空ETH、SOL、XRP，不認為行情可持續,Odaily星球日報訊 知名交易員Eugene 於Telegram 頻道內表示：“當比特幣夜間觸及83500 美元時，我建立了少量的ETH、SOL 和XRP 空頭頭寸。除非美聯儲明確幹預或中國關稅問題得到妥善緩和，否則我不認為市場會有太多持續性。”,2025-04-12 10:53:32,https://www.odaily.news/zhtw/newsflash/426840,newsflashes,426840
"BTC跌破83,000 USDT，24H漲幅收窄至3.2%","Odaily星球日報訊 OKX 行情顯示，BTC 跌破83,000 USDT，現報82993.4 USDT，24H 漲幅收窄至3.2%。 （本條快訊由AI輔助生成）",2025-04-12 10:49:00,https://www.odaily.news/zhtw/newsflash/426839,newsflashes,426839
麥當勞致函美國SEC：無意在5月股東會上討論比特幣儲備相關提議,Odaily星球日報訊 針對麥當勞股東國家公共政策中心先前要求的儲存比特幣提案。麥當勞法律代表致函美國證券交易委員會（SEC）表示，該企業不想在5 月即將召開的股東大會上討論購買比特幣的提案。 SEC 同意麥當勞有權避免討論該提案。 （The Block）,2025-04-12 10:31:53,https://www.odaily.news/zhtw/newsflash/426837,newsflashes,426837
美國參議院提議對高能耗資料中心徵收排放費，比特幣礦企或受影響,"Odaily星球日報訊 美國參議院民主黨人提出《Clean Cloud Act》草案，擬對支持超過聯邦排放目標的區塊鏈網路和人工智慧模型的資料中心徵收費用。該法案要求美國環保署為安裝IT 銘牌功率超過100 KW 的資料中心和加密挖礦設施制定排放標準，目標是每年減少11% 的排放量。超過限值的排放將被處以每噸二氧化碳當量20 美元的罰款，且該金額每年將隨通膨上漲10 美元。值得注意的是，包括Galaxy、CoreScientific 和Terawulf 在內的比特幣礦企正逐漸轉向為人工智慧模型提供高效能運算（HPC）算力。該法案目前尚未在參議院通過。 （彭博）
",2025-04-12 09:48:39,https://www.odaily.news/zhtw/newsflash/426834,newsflashes,426834
星球早訊,"1. SEC代理主席Mark Uyeda暗示將對交易代幣化證券的公司採取「監管沙盒」模式； 2. TRUMP將迎來大規模解鎖，持倉超1000美元地址剩餘1.2萬個； 3. SEC與幣安已聯合向法院申請暫停訴訟60天；4. WSJ：Binance R. eora推出DAMM V2併計劃在未來幾週部署至主應用； 7. Solana Meme代幣BANG市值短時突破1500萬美元，24H漲幅約3000倍； 8. Arthur Hayes：預計比特幣即將進入只漲不跌模式； 9. Ansem：若SOL週線可站穩120美元，則有望看到連續數週的激進反彈。
",2025-04-12 09:25:24,https://www.odaily.news/zhtw/newsflash/426833,newsflashes,426833
貝萊德透過旗下以太坊ETF增持4238枚ETH,"Odaily星球日報訊 根據Arkham 監測數據顯示，大約十分鐘前，貝萊德透過旗下以太坊交易所交易基金ETHA Ethereum ETF 增持4,238 枚ETH，價值660 萬美元。歷史資料顯示，本次疑似貝萊德相關以太坊ETF 時隔1 個月後首次增持ETH。
",2025-04-11 23:49:58,https://www.odaily.news/zhtw/newsflash/426816,newsflashes,426816
Lista DAO借貸產品Lista Lending上線後超9.2萬枚BNB被市場借出,"Odaily星球日報訊 根據官方消息，Lista DAO 借貸產品Lista Lending 正式上線後市場參與活躍，目前其BNB vault 已有超19 萬枚BNB 參與供應，超9.2 萬枚BNB 已被借出，實時借款利率低至0.78%。該產品BNB vault 現支持以BTCB、solvBTC 和PT-clisBNB 作為抵押品借貸BNB，借款最大額度可達5,200 萬美元。 使用者可在Binance Launchpool 期間借出BNB 參與Launchpool 活動。
",2025-04-11 23:33:51,https://www.odaily.news/zhtw/newsflash/426814,newsflashes,426814
Arthur Hayes：預計比特幣即將進入只漲不跌模式,"Odaily星球日報訊 BitMEX 聯合創始人Arthur Hayes 在X 平台發文稱：“情況正如火如荼地發展著。如果這種態勢持續下去，這個週末我們將會看到更多政策層面的回應。比特幣即將進入只漲不跌模式。”
",2025-04-11 22:59:28,https://www.odaily.news/zhtw/newsflash/426812,newsflashes,426812
川普執政首季機構加密交易量激增，穩定幣交易量較去年同期漲158%,"Odaily星球日報訊 報告顯示，2025 年第一季美國場外加密交易量年增141%，穩定幣交易量較去年同期飆漲158%。其中，加密/穩定幣交易量較2024 年同期成長5 倍，成為成長最快板塊。比特幣、以太坊及穩定幣佔總交易量的95.3%，顯示機構對山寨幣仍持謹慎態度。 （The Block）
",2025-04-11 22:17:26,https://www.odaily.news/zhtw/newsflash/426810,newsflashes,426810
BTC突破83000 USDT，24H漲幅2.28%,"Odaily星球日報訊 OKX 行情顯示，BTC 突破83,000 USDT，現報83012 USDT，24H 漲幅2.28%。 （本條快訊由AI輔助生成）",2025-04-11 21:39:00,https://www.odaily.news/zhtw/newsflash/426806,newsflashes,426806
灰階轉出約651枚BTC，價值5341萬美元,"Odaily星球日報訊 根據Arkham 監測，4 分鐘前灰階向未明確標記地址轉出約651 枚BTC，價值5,341 萬美元。
",2025-04-11 21:16:53,https://www.odaily.news/zhtw/newsflash/426802,newsflashes,426802
某一隻巨鯨均價1548美元買進3316枚ETH，價值513萬美元,"Odaily星球日報訊 根據鏈上數據分析師ai_9684xtpa 監測，某巨鯨三小時前花費513 萬美元以均價1548 美元在鏈上買入3316 枚ETH。根據該鯨魚以往交易記錄顯示，似乎是為了波段ETH，該鯨魚近一個月高買低賣ETH 累計虧損38 萬美元。
",2025-04-11 20:31:42,https://www.odaily.news/zhtw/newsflash/426798,newsflashes,426798
Lista Lending正式上線，BNB Vault支持低利率大額借貸 ,"Odaily星球日報訊 Lista Lending 已正式上線不到一小時，1,000 萬美元借款額度已滿額借出，目前BNB 存款利率為10%，借款利率低至0.74%。 Lista Lending 基於BNB Chain 構建，採用多預言機系統（整合Chainlink、Binance Oracle 和Redstone），支援靈活Vault 與多市場匹配機制，致力於提供高效能、開放式P2P 借貸體驗。目前BNB Vault 支持BTCB、solvBTC、PT-clisBNB 等資產作為抵押。",2025-04-11 18:05:17,https://www.odaily.news/zhtw/newsflash/426785,newsflashes,426785
BTC突破82000 USDT，24H漲幅0.26%,"Odaily星球日報訊 OKX 行情顯示，BTC 突破82,000 USDT，現報82016 USDT，24H 漲幅0.26%。 （本條快訊由AI輔助生成）",2025-04-11 17:27:00,https://www.odaily.news/zhtw/newsflash/426779,newsflashes,426779
BitMart已上線BABY永續合約，最高槓桿50倍,Odaily星球日報訊 BitMart 已於2025 年4 月11 日17:00（UTC+8）上線Babylon （BABY）永續合約，屆時將開通BABY/USDT 交易對，最高槓桿倍數為50 倍。 Babylon 比特幣質押協議將比特幣安全網路與比特幣持有者連接起來，讓您直接存取加密貨幣領域中最大、最強大的社群。,2025-04-11 17:16:41,https://www.odaily.news/zhtw/newsflash/426778,newsflashes,426778
"BTC巨鯨以均價78,972USDT建倉259.87枚WBTC並存入Aave，浮盈近60萬美元","Odaily星球日報訊 根據@ai_9684xtpa 監測，過去5 天內一位BTC 巨鯨以均價$78,972 建倉了259.87 枚WBTC，建倉總價值約2052 萬美元。目前這些WBTC 均以保證金存入Aave，累計浮動約59.7 萬美元。",2025-04-11 16:38:34,https://www.odaily.news/zhtw/newsflash/426775,newsflashes,426775
sUSD脫錨繫SIP-420機制變更所致，非不良負債問題,"Odaily星球日報訊 根據Parsec 分析，Synthetix 穩定幣sUSD 近期脫錨並非源自於不良債權或協議故障，而是SIP-420 機制調整帶來的副作用。 SIP-420 引入共享債務池機制，SNX 質押者不再單獨鑄造sUSD 並承擔個人債務，而是將資金委託給公共池，從而實現無清算、無個人債務的結構。但在sUSD 價格偏離錨定值時，質押者不再有動機以低價回購sUSD 償還債務，協議原有的自我調節機制失效。同時，超8,000 萬美元的SNX 流入SIP-420 池，加上Infinex 活動帶動持股成長，使sUSD 供應快速擴張，而市場缺乏相應需求，錨定機制進一步承壓。目前sUSD 已跌至0.87 美元，脫錨幅度超過13%。 Synthetix 團隊表示，正在透過與Aave、Ethena 整合以及加強Curve 激勵等方式重建sUSD 需求。",2025-04-11 15:59:54,https://www.odaily.news/zhtw/newsflash/426767,newsflashes,426767
"2021年1月至今，ETH主網上穩定幣供應量成長超5倍，達1,230億美元","Odaily星球日報訊 根據DefiLlama 官方於X 平台發文表示，2021 年1 月，ETH 主網上穩定幣供應量僅220 億美元；與之相比，目前這一數字已增長至1,230 億美元。此外，圖表資訊顯示，ETH 價格相較2021 年高點下降近三分之二。",2025-04-11 15:34:49,https://www.odaily.news/zhtw/newsflash/426765,newsflashes,426765
BitMart4月11日市場行情報告，BTC 日內波動變大，受到宏觀層面影響明顯,Odaily星球日報訊 根據BitMart 4 月11 日市場行情報告，加密貨幣市場總市值2.56 兆美元，較前一天下降1.1%。 BTC 日內波動變大，受到宏觀層面影響明顯，此外資金面上BTC ETF 連續六日淨流出；ETH 跟隨大盤漲跌，但上漲幅度明顯弱於BTC，ETH/BTC 再次下跌至0.0192 附近；綜合多空比為1.07，多方勢力處於24 小時最高；,2025-04-11 15:18:04,https://www.odaily.news/zhtw/newsflash/426763,newsflashes,426763
World Liberty否認出售ETH,"Odaily星球日報訊 World Liberty Financial（WLFI）否認本週稍早出售ETH 的相關報導。先前報導，與WLFI 相關的錢包地址（被Arkham 標記）在ETH 跌至$1,465 時出售了價值約800 萬美元的ETH。對此，WLFI 發言人表示：「有關WLFI 出售持股的說法完全不屬實，目前並未有任何資產被出售，相關猜測均為錯誤。」（CoinDesk）",2025-04-11 15:10:01,https://www.odaily.news/zhtw/newsflash/426762,newsflashes,426762
受Morpho前端漏洞影響，某地址疑似攻擊損失260萬美元,Odaily星球日報訊 根據PeckShieldAlert 監測，受Morpho 前端漏洞影響，某位地址疑似遭受攻擊，損失約260 萬美元。攻擊交易被c0ffeebabe.eth 搶先執行，相關資金已轉入其他地址,2025-04-11 14:53:47,https://www.odaily.news/zhtw/newsflash/426761,newsflashes,426761
北卡羅來納州提案擬允許使用加密資產繳稅,"Odaily星球日報訊 北卡羅來納州立法者提出《數位資產自由法案》（HB 920），擬允許在納稅及其他經濟交易中使用加密資產。法案規定，合格的數位資產需滿足市值至少7,500 億美元、日交易量不低於100 億美元，且具備10 年以上公開市場營運歷史與抗審查能力，同時要求去中心化、無預挖、無內部分配及無中心化控制。該法案並未明確提及BTC 等特定資產。此前，該州已提出多項涉幣法案，包括允許州財政官員投資比特幣以及將部分退休金投資於加密資產。 （The Block）",2025-04-11 13:53:56,https://www.odaily.news/zhtw/newsflash/426756,newsflashes,426756
Gate.io Launchpool上線Babylon（BABY）,"Odaily星球日報訊 根據官方消息，Gate.io 將於4 月11 日15:00 至4 月18 日15:00 （UTC+8）開啟BABY 質押挖礦，質押BABY、BTC、USDT 參與Launchpool 即可免費瓜分1,600,000 BABY 空投。其中，BABY 礦池預期年化達1062.67%，BTC 礦池預期年化達10.41%，USDT 新用戶池預期年化達127.52%。現已開放提前質押。",2025-04-11 13:29:41,https://www.odaily.news/zhtw/newsflash/426755,newsflashes,426755
Greeks.live：預期貿易戰和關稅戰尚未結束，市場不確定性將長期持續,Odaily星球日報訊 Greeks.live 發布社群簡報，本週情緒較為恐慌，川普頻繁的轉換關稅政策，使得市場避險情緒極大，預期貿易戰和關稅戰遠沒有到結束的時候，市場的不確定性還將長期持續，市場的波動也將長期持續。 BTC 的隱含波動率IV 明顯下降，目前各期限基本維持在50%附近，而ETH 的IV 則維持了較高水平，中短期限波動率維持在80%附近，因此短期賣出ETH 期權會是不錯的選擇。 加密貨幣目前缺乏新進資金，缺乏新敘事，投資人情緒較低迷。在這種牛轉熊的較差行情下，黑天鵝發生的機率會顯著提升，買一些深度虛值看跌會是不錯的選擇。,2025-04-11 12:30:35,https://www.odaily.news/zhtw/newsflash/426746,newsflashes,426746
BTC反彈突破81000 USDT，24H漲幅0.86%,Odaily星球日報訊 OKX 行情顯示，BTC 反彈突破81000 USDT，現報81011.9 USDT，24H 漲幅收窄至0.86%。 （本條快訊由AI輔助生成）,2025-04-11 12:15:00,https://www.odaily.news/zhtw/newsflash/426742,newsflashes,426742
CryptoQuant分析師：若比特幣未能突破8.4萬美元阻力位，短期或盤整於8萬美元附近,"Odaily星球日報訊 CryptoQuant 分析師在4 月10 日的市場報告中指出，如果比特幣（BTC）「繼續上漲」，可能會在84,000 美元附近遇到阻力，但一旦突破，該價格有望在下一個阻力位96,000 美元之前迅速上漲。如果比特幣未能突破下一個阻力位，短期內可能會徘徊在8 萬美元上方附近的區間（Cointelegraph）。",2025-04-11 12:13:31,https://www.odaily.news/zhtw/newsflash/426741,newsflashes,426741
Hyperliquid過去7日營收超越Tron等協議，躋身加密收入排行榜前三名,"Odaily星球日報訊 根據Defillama 數據，Hyperliquid 過去7 日收入升至1,352 萬美元，超越Tron、Jupiter 等協議和公鍊，暫列加密收入榜第三位。 Tether 和Circle 以1.29 億美元、4,425 萬美元的7 日收入分列第一位和第二位。",2025-04-11 12:12:52,https://www.odaily.news/zhtw/newsflash/426740,newsflashes,426740
以太幣現貨ETF昨日總淨流出3879.29萬美金，連續三日淨流出,"Odaily星球日報訊 根據SoSoValue 數據，昨日（美國東部時間4 月10 日）以太幣現貨ETF 總淨流出3,879.29 萬美元。 昨日單日淨流入最多的以太坊現貨ETF 為貝萊德ETF ETHA，單日淨流入為643.14 萬美元，目前ETHA 歷史總淨流入達40.54 億美元。 昨日單日淨流出最多的比特幣現貨ETF 為富達ETF FETH，單日淨流出為3,600.85 萬美元，目前FETH 歷史總淨流入達13.69 億美元。 截至目前，以太坊現貨ETF 總資產淨值為50.99 億美元，ETF 淨資產比率（市值較以太坊總市值佔比）達2.76%，歷史累計淨流入已達23.06 億美元。
",2025-04-11 11:55:16,https://www.odaily.news/zhtw/newsflash/426739,newsflashes,426739
比特幣現貨ETF昨日總淨流出1.50億美元，持續6日淨流出,"Odaily星球日報訊 根據SoSoValue 數據，昨日（美國東部時間4 月10 日）比特幣現貨ETF 總淨流出1.50 億美元。 昨日單日淨流入最多的比特幣現貨ETF 為灰階比特幣迷你信託BTC，單日淨流入為987.15 萬美元，目前BTC 歷史總淨流入達11.53 億美元。 昨日單日淨流出最多的比特幣現貨ETF 為富達比特幣ETF FBTC，單日淨流出為7,463.02 萬美元，目前FBTC 歷史總淨流入達114.05 億美元。 截至目前，比特幣現貨ETF 總資產淨值為886.13 億美元，ETF 淨資產比率（市值較比特幣總市值佔比）達5.59%，歷史累計淨流入已達353.60 億美元。
",2025-04-11 11:53:42,https://www.odaily.news/zhtw/newsflash/426738,newsflashes,426738
Gate.io Launchpool 上線Mind Network（FHE）,"Odaily星球日報訊 根據官方消息，Gate.io 將於4 月12 日15:00 至4 月17 日15:00 （UTC+8）開啟FHE 質押挖礦，質押FHE、BTC 參與Launchpool 即可免費瓜分300,000 FHE 空投。其中，FHE 礦池預期年化達292%，BTC 礦池預期年化達4.93%。現已開放提前質押。",2025-04-11 11:44:02,https://www.odaily.news/zhtw/newsflash/426737,newsflashes,426737
某沉睡三年的巨鯨3小時前將1000枚ETH轉入幣安,Odaily星球日報訊 據@ai_9684xtpa 披露，一持有3019 枚ETH、成本僅約588 美元的巨鯨地址在沉寂三年後開始出售，該地址3 小時前首次向幣安充值1000 枚ETH，若賣出預計獲利93.1 萬美元。 目前該巨鯨仍持有2019 枚ETH，浮盈約191.7 萬美元。,2025-04-11 11:03:34,https://www.odaily.news/zhtw/newsflash/426734,newsflashes,426734
加密市場普遍回調，僅AI及DePIN板塊相對堅挺,"Odaily星球日報訊 根據SoSoValue 數據，加密市場板塊普遍回調，僅AI 及DePIN 板塊相對強勁。 AI 板塊24 小時上漲0.66%，板塊內，Bittensor（TAO） 、Render（RENDER） 、Fartcoin （FARTCOIN）分別上漲2.30%、7.51%、7.94%。 DePIN 板塊上漲0.60%，其中，Helium（HNT）、Grass（GRASS）分別上漲2.47%、3.82%。 同時，反映板塊歷史行情的加密板塊指數顯示，ssiAI、ssiDePIN 指數24 小時分別上漲1.72%、1.19%，ssiAI 指數週回報率為3.79%。 此外，Bitcoin （BTC）跌幅收窄至2.47%，反彈突破8 萬美元。 Ethereum（ETH） 24 小時下跌6.16%，跌破1600 美元。 其他板塊方面，CeFi 板塊下跌0.03%，但Hyperliquid（HYPE）上漲6.01%；Meme 板塊下跌0.85%，Layer1 板塊下跌0.99%，板塊內，Avalanche（AVAX）上漲1.20%，Hedid（HBAR1271%）上漲1.20%，HedAR（HBAR1271%） %；PayFi 板塊下跌1.39%，DeFi 板塊下跌1.45%。
",2025-04-11 10:57:30,https://www.odaily.news/zhtw/newsflash/426733,newsflashes,426733
"某隻巨鯨14分鐘前向幣安轉入1,500枚BTC，約合1.2億美元","Odaily星球日報訊 根據Onchain Lens 監測，某隻巨鯨在沉寂1.5 個月後，於14 分鐘前向幣安存入1,500 枚BTC，價值約合1.2029 億美元。 該巨鯨仍持有1,486 枚BTC，價值約1.1976 億美元。
",2025-04-11 10:47:06,https://www.odaily.news/zhtw/newsflash/426731,newsflashes,426731
某以太坊早期IC0參與者再次向Kraken充值664枚ETH，4月已拋售4180枚ETH,Odaily星球日報訊 據@ai_9684xtpa 披露，某2015 年參與以太坊IC0、持有10 萬枚ETH 的OG 用戶，4 月以來已累計出售4180 枚ETH，套現約705 萬美元。該地址2 小時前再向Kraken 儲值664 枚ETH，成本僅每枚0.31 美元，預計獲利約101 萬美元。,2025-04-11 10:35:09,https://www.odaily.news/zhtw/newsflash/426729,newsflashes,426729
某新建錢包7小時前吸籌超9600枚ETH,"Odaily星球日報訊 根據Spot On Chain 監測，約7 小時前有地址新建錢包併購入共9,610 枚ETH（價值約1,454 萬美元）。該地址先從Kraken 提取5,000 枚ETH 作為抵押，在Spark 平台借出700 萬美元USDS，隨後以約1,518 美元價格再購入4,610 枚ETH，疑似看多ETH 後市走勢。",2025-04-11 10:06:08,https://www.odaily.news/zhtw/newsflash/426727,newsflashes,426727
以太坊基金會再次轉移1000枚ETH ，或用於撥款,"Odaily星球日報訊 根據Lookonchain 監測，以太坊基金會再次轉出1,000 枚ETH（價值約153 萬美元），用於撥付生態資助計畫。",2025-04-11 10:03:15,https://www.odaily.news/zhtw/newsflash/426726,newsflashes,426726
BTC反彈突破80000 USDT，24H漲幅2.95%,Odaily星球日報訊 OKX 行情顯示，BTC 反彈突破80000 USDT，現報80003.7 USDT，24H 漲幅收窄至2.95%。 （本條快訊由AI輔助生成）,2025-04-11 09:48:00,https://www.odaily.news/zhtw/newsflash/426724,newsflashes,426724
Vitalik發布極簡L1隱私路線圖，旨在增強以太坊用戶隱私,Odaily星球日報訊 Vitalik Buterin 在以太坊Magicians 論壇發文，提出一份“極簡L1 隱私路線圖”，旨在在盡量減少共識層變動的基礎上增強以太坊用戶隱私。 此路線圖涵蓋鏈上支付隱私、應用程式內活動匿名化、鏈上讀取隱私（RPC）及網路級匿名化等四個面向。核心措施包括整合隱私工具進主流錢包、預設使用「每應用一個位址」、推廣FOCIL 和EIP-7701、引入TEE 與未來PIR 隱私讀取技術等，最終目標是實現用戶操作隔離、預設隱私發送與抗審查的基礎架構。 Vitalik 強調此方案可與長期更深層L1 改革結合。,2025-04-11 09:44:27,https://www.odaily.news/zhtw/newsflash/426723,newsflashes,426723
星球早訊,1. SEC 與Ripple 達成初步和解協議，雙方申請中止上訴程序； 2. 現貨黃金上漲觸及3217.97 美元/盎司，再創歷史新高； 3. 某巨鯨將超14 萬枚SOL 解除質押並轉入Kraken； 4. 絲綢法案 5. 現在將在拉斯維加斯比特幣會議上公開露面；調整利率、觀望的時機； 7. 新罕布夏州眾議院通過比特幣儲備法案； 8. 聯準會理事 鮑曼希望對2023 年3 月份銀行倒閉事件進行獨立審查，或涉及SVB、Silvergate 和Signature；9. 美國眾議院通過一項預算計劃，為川普減稅和提高債務上限奠定基礎。,2025-04-11 09:27:52,https://www.odaily.news/zhtw/newsflash/426722,newsflashes,426722
絲綢之路創始人將在拉斯維加斯比特幣會議上首次公開露面,"Odaily星球日報訊 被川普赦免的暗網絲路創始人Ross Ulbricht 表示，他計劃在即將舉行的比特幣活動上首次公開露面。 「這是官方消息。我很高興地宣布，我將在拉斯維加斯舉行的比特幣會議上首次公開露面並發表演講。」今年1 月，川普總統簽署行政命令，對Ulbricht 進行全面、無條件赦免。 Ulbricht 和絲綢之路的故事都與比特幣的早期歷史緊密相連。 Ulbricht 因創建和運營「絲綢之路」而被判處終身監禁，不得假釋。 「絲路」是一個暗網市場，專門販賣毒品和其他非法產品和服務。該平台使用比特幣進行交易，並推動了加密貨幣的普及。
",2025-04-11 08:23:02,https://www.odaily.news/zhtw/newsflash/426717,newsflashes,426717
亞利桑那州通過比特幣挖礦權利法案,"Odaily星球日報訊 根據Bitcoin Laws 披露，美國亞利桑那州正式通過比特幣挖礦權利法案HB 2342，該法案保護運行節點或挖掘數位資產的任何人免受分區或使用禁令的限制。 該法案今天以17 票對12 票在參議院獲得通過，現已送往州長辦公室等待簽署。
",2025-04-11 08:17:56,https://www.odaily.news/zhtw/newsflash/426715,newsflashes,426715
某地址以600萬美元出售CryptoPunk NFT，虧損1000萬美元,Odaily星球日報訊 根據鏈上數據，一名NFT 交易者以4000 枚ETH（價值約600 萬美元）出售其一年前購入的Alien 系列CryptoPunk NFT，當初購入價格為4500 枚ETH（價值約合1600 萬美元），虧損達1000 萬美元。,2025-04-11 08:15:32,https://www.odaily.news/zhtw/newsflash/426714,newsflashes,426714
某以太坊早期巨鯨10年來首次出售逾9500枚ETH,"Odaily星球日報訊 根據Onchain Lens 監測，一位以太坊早期巨鯨地址在過去10 年首次出售其持倉，共拋售9,514 枚ETH，換取約1,404 萬美元USDC。目前該地址仍持有29,066 枚ETH，以現價估價約4,433 萬美元。",2025-04-11 08:12:20,https://www.odaily.news/zhtw/newsflash/426713,newsflashes,426713
BTC跌破79000 USDT，24H漲幅收窄至1.94%,"Odaily星球日報訊 OKX 行情顯示，BTC 跌破79,000 USDT，現報78991.8 USDT，24H 漲幅收窄至1.94%。 （本條快訊由AI輔助生成）",2025-04-10 23:48:00,https://www.odaily.news/zhtw/newsflash/426701,newsflashes,426701
ETH跌破1500 USDT，24H漲幅收窄至1.13%,Odaily星球日報訊 OKX 行情顯示，ETH 跌破1500 USDT，現報1498.95 USDT，24H 漲幅收窄至1.13%。 （本條快訊由AI輔助生成）,2025-04-10 23:40:00,https://www.odaily.news/zhtw/newsflash/426699,newsflashes,426699
數據：超過85%的比特幣持有者仍處於獲利中,"Odaily星球日報訊 Bitcoin News 在X 發文表示，即使在本週的價格低點，超過85%的比特幣持有者仍處於盈利中。
",2025-04-10 23:34:38,https://www.odaily.news/zhtw/newsflash/426696,newsflashes,426696
BTC跌破80000 USDT，24H漲幅收窄至3.59%,"Odaily星球日報訊 OKX 行情顯示，BTC 跌破80,000 USDT，現報79999.1 USDT，24H 漲幅收窄至3.59%。 （本條快訊由AI輔助生成）",2025-04-10 23:33:00,https://www.odaily.news/zhtw/newsflash/426695,newsflashes,426695
今日美國比特幣ETF淨流出847枚BTC，以太幣ETF淨流出5645枚ETH,Odaily星球日報訊 根據Lookonchain 監測，今日美國比特幣ETF 淨流出847 枚BTC，以太幣ETF 淨流出5645 枚ETH。,2025-04-10 23:13:26,https://www.odaily.news/zhtw/newsflash/426689,newsflashes,426689
某多次面臨倉位清算巨鯨過去2小時共賣出35881枚ETH，賣出均價1562美元,Odaily星球日報訊 根據鏈上分析師餘燼監測，某多次面臨倉位清算巨鯨在過去20 分鐘裡又賣出了9000 枚ETH 換成1401 萬USDT，該巨鯨在過去2 小時裡一共賣出了35881 枚ETH 換成5605 萬USDT，賣出均價1562 美元。 目前該巨鯨僅持有2688 枚ETH 了，基本清倉。,2025-04-10 22:51:13,https://www.odaily.news/zhtw/newsflash/426688,newsflashes,426688
"某鯨魚以1559美元均價售出28,999枚ETH來償還債務","Odaily星球日報訊 根據Lookochain 監測，某隻鯨魚剛以平均1,559 美元的均價出售了28,999 枚ETH（4,520 萬美元）來償還債務。",2025-04-10 22:47:53,https://www.odaily.news/zhtw/newsflash/426687,newsflashes,426687
Jack Dorsey旗下Block因反洗錢違規與紐約監管機構達成4000萬美元和解協議,"Odaily星球日報訊 Jack Dorsey 旗下支付公司Block, Inc.因反洗錢漏洞與紐約州金融監管機構達成4000 萬美元和解協議。紐約州金融服務局週四發布的同意令指出，調查發現這家前身為Square 的金融科技公司在透過Cash App 提供比特幣服務時，其反洗錢項目未能充分考慮其業務規模與複雜度帶來的重大風險。監管機構具體指出Block 存在三大漏洞：缺乏基於風險的反洗錢管控措施、客戶盡職調查不足，以及對高風險比特幣交易的寬鬆處理導致大量匿名交易未受審查。 （The Block）",2025-04-10 22:29:55,https://www.odaily.news/zhtw/newsflash/426686,newsflashes,426686
某多次面臨倉位清算巨鯨賣出26881枚ETH換成4204萬枚DAI並還清全部借款卸掉槓桿,"Odaily星球日報訊 根據鏈上分析師餘燼監測，某多次面臨ETH 部位清算巨鯨在過去一個半小時內賣出26,881 枚ETH 換成4204 萬枚DAI 並還清全部借款卸掉槓桿。目前該巨鯨還持有1.16 萬枚的ETH （約1826 萬美元）。",2025-04-10 22:20:26,https://www.odaily.news/zhtw/newsflash/426685,newsflashes,426685
BTC跌破81000 USDT，24H漲幅收窄至5.2%,"Odaily星球日報訊 OKX 行情顯示，BTC 跌破81,000 USDT，現報80986 USDT，24H 漲幅收窄至5.2%。 （本條快訊由AI輔助生成）",2025-04-10 21:37:00,https://www.odaily.news/zhtw/newsflash/426676,newsflashes,426676
Bitget Wallet上線代幣合約安全偵測功能，支援六大主流鏈,"Odaily星球日報訊 Web3 錢包Bitget Wallet 宣布正式上線代幣合約安全偵測功能，進一步提升用戶交易的安全保障。目前已支援以太坊、Solana、BNB Chain、Base、Polygon、Arbitrum 等主流鏈上的代幣合約風險識別。用戶可在代幣K 線頁面點選「安全偵測」功能，查看合約權限、持股分佈、代幣銷毀比例等關鍵參數，在交易前全面掌握代幣可能存在的風險。 Bitget Wallet 合約偵測功能旨在提升用戶對交易代幣的透明度與判斷力，減少因資訊不對稱而帶來的資產風險。系統支援自動識別多個鏈上常見的潛在風險因素，未來將進一步擴展支援更多公鏈，並持續優化偵測模型，為使用者提供更安全的交易環境。
",2025-04-10 20:40:02,https://www.odaily.news/zhtw/newsflash/426666,newsflashes,426666
加密貨幣保險公司Meanwhile完成4000萬美元A輪融資，Framework Ventures等領投,"Odaily星球日報訊 加密貨幣保險公司Meanwhile 週四完成了由Framework Ventures 和Fulgur Ventures 領投的4,000 萬美元A 輪融資，加密貨幣銀行Xapo 的創始人Wences Casares 也參與了投資。此輪融資估值為1.9 億美元，幾乎是2022 年最近一輪融資時估值的兩倍。 Meanwhile 將利用此輪融資籌集的資金進行全球擴張，並確保其產品符合監管要求。 據悉，Meanwhile 的人壽保險保單與一般人壽保險類似。投保人需向精算師計算的每月保費支付。然而，與從銀行帳戶支付或使用支票不同，客戶需從加密貨幣錢包中以比特幣支付。當投保人去世時，其家人將以比特幣形式收到索賠金額。 （Fortune）",2025-04-10 20:06:11,https://www.odaily.news/zhtw/newsflash/426652,newsflashes,426652
過去24小時Solana上DEX交易量超越其他鏈，則排名第一,Odaily星球日報訊 根據Onchain Lens 數據，過去24 小時Solana 上DEX 交易量超越其他鏈位列第一，具體為： Solana 上DEX 交易量27.74 億美元；以太坊上DEX 交易量27.44 億美元；Arbitrum 上DEX 交易量10.05 億美元；,2025-04-10 19:46:56,https://www.odaily.news/zhtw/newsflash/426647,newsflashes,426647
Cardano創辦人：比特幣價格預計今年底或明年升至25萬美元,Odaily星球日報訊 Cardano 創辦人Charles Hoskinson 在接受CNBC 播客採訪時預測，比特幣價格預計將在今年年底或明年攀升至25 萬美元。他指出，即將實施的美國加密貨幣立法或將吸引大型企業涉足加密資產領域。一旦「關稅問題」的影響被證實微不足道，市場穩定性將得以恢復，進而為下一輪牛市創造有利條件。 Hoskinson 表示，加密貨幣市場在未來三到五個月內可能會陷入停滯，但預計八月或九月將迎來一波強勁的投機熱潮，這股熱潮可能會持續六到十二個月。此外，更明確的穩定幣監管規則可能會促使美股「七巨頭」採用與美元掛鉤的代幣。為佐證其25 萬美元的價格預測，Hoskinson 強調了2024 年全球加密貨幣採用率同比大幅增長13%的事實，根據Crypto.com 報告，當前用戶基數已達6.59 億。他還預測，隨著地緣政治環境逐漸偏離“基於規則的秩序”，加密貨幣將成為企業實現全球化的“唯一選擇”。 （The Block）,2025-04-10 19:37:11,https://www.odaily.news/zhtw/newsflash/426646,newsflashes,426646
QCP：美股與加密市場短線反彈，但中美貿易局勢升級或成“牛市陷阱”,"Odaily星球日報訊 QCP Capital 在最新市場簡報中指出，美股與加密市場在川普宣布「暫停加徵關稅、除中國外一律徵收10%互惠關稅」後大幅反彈，納指上漲12.02%，SP 500 上漲9.51%，BTC 漲8.43%，ETH 漲13.38%，並引發加密市場 但QCP 警示，這項「Make America Wealthy Again」的政策轉向更像是階段性緩和，「中國例外」政策反而令中美貿易戰再次升級，對中資資產構成持續壓力。人民幣匯率已跌至18 年新低，市場正等待北京是否強勢反擊，若中方報復升級，當前反彈恐演變為「多頭陷阱」。 此外，QCP 指出儘管短線情緒回暖，但市場對5 月和6 月的上行波動仍持謹慎態度，賣方持續利用反彈減倉。同時，部分投資人押注BTC 年底重返10 萬美元，12 月選擇權買盤活躍。今晚即將公佈的美國CPI 數據將成為市場下一關注焦點，若數據低於預期，或可緩解關稅引發的通膨擔憂。
",2025-04-10 17:44:24,https://www.odaily.news/zhtw/newsflash/426632,newsflashes,426632
ETH遠古巨鯨持續拋售，17小時內出售逾1.65萬枚ETH套現約2600萬美元,"Odaily星球日報訊 據鏈上數據顯示，ETH 遠古巨鯨在過去4 小時再次拋售5,814 枚ETH，換取9,170,000 枚USDC。過去17 小時內，該地址累計售出16,516 枚ETH，套現金額達26,030,000 美元，平均價格為1,577 美元。目前該地址僅剩522 枚ETH，以目前價格估值約83.2 萬美元。",2025-04-10 17:34:30,https://www.odaily.news/zhtw/newsflash/426630,newsflashes,426630
sUSD持續脫錨，最低跌破0.83美元，現報價0.85122美元,Odaily星球日報訊 行情顯示，sUSD 持續脫錨，目前報價0.85122 美元，日內最低曾跌破0.83 美元。先前消息，Synthetix 創辦人Kain 曾表示，sUSD 的錨定修復機制正處於過渡階段，其本人已出售90% ETH 並增持SNX。,2025-04-10 17:27:41,https://www.odaily.news/zhtw/newsflash/426629,newsflashes,426629
去中心化社交支付YakiHonne即將上線可編程Smart Widgets，開啟鏈上消費新體驗,Odaily星球日報訊 YakiHonne，Bitcoin 生態最受歡迎的去中心化社交支付客戶端之一，即將上線可編程Smart Widgets—支援Mini Apps 的開發者組件。這款產品將重新定義用戶在社群平台上的互動與消費方式，為鏈上應用生態注入新活力。 Smart Widgets 融入社交動態，用戶無需離開內容即可完成付款、投票或遊戲操作，社交與消費無縫融合。它提供基礎、動作和工具三種創建方式，滿足使用者和開發者的多元需求。開發者可透過SDK 快速建置Mini Apps，觸及全球170 多個國家用戶。 YakiHonne 的社交支付基礎設施為Mini Apps 提供高效支持，降低整合成本與交易門檻，推動鏈上消費成長。 YakiHonne 即將開放開發者SDK 測試計劃，共同打造創新應用，用戶可關注官方頻道X 或下載YakiHonne iOS/Android，開啟去中心化社交支付與鏈上消費的新篇章！,2025-04-10 17:10:57,https://www.odaily.news/zhtw/newsflash/426627,newsflashes,426627
Babylon基金會：BABY代幣空投完成發放,Odaily星球日報訊 abylon Foundation 宣布成功完成BABY 代幣空投，用戶將在錢包中陸續收到BABY，無轉帳限制。使用者可選擇質押BABY 參與Babylon Genesis 的安全驗證並獲得更多BABY 獎勵。 BABY 質押者將透過Babylon Genesis 的鏈上治理系統，參與Babylon 比特幣質押協議的治理。,2025-04-10 17:03:43,https://www.odaily.news/zhtw/newsflash/426626,newsflashes,426626
BABY即將上線Bitget PoolX和CandyBomb，鎖倉或交易瓜分BABY空投,"Odaily星球日報訊 Bitget PoolX 即將上線專案BABY，總獎金池600,000 枚BABY。鎖倉通道開放時間為4 月10 日18:00 至4 月13 日18:00（UTC+8），詳情如下： BTC 鎖倉池： 空投總量：600,000 枚BABY 個人鎖倉上限：1 枚BTC 此外，可參與CandyBomb 項目專場，1062 月:00（UTC+8）。",2025-04-10 16:42:01,https://www.odaily.news/zhtw/newsflash/426622,newsflashes,426622
Arbitrum選舉風波：5ETH撬動650萬美元投票權，DAO治理淪為資本獵場,,2025-04-10 15:35:52,https://www.odaily.news/zhtw/post/5202900,posts,5202900
「對等關稅」致納指跌入技術熊市， BTC再次回踩年線，市場預計6月降息機率超90%(03.31~04.06),,2025-04-10 14:41:49,https://www.odaily.news/zhtw/post/5202895,posts,5202895
BitMart 將上線Babylon(BABY),Odaily星球日報訊 BitMart 將於4 月10 日18:00 （東八區時間）上線Babylon（BABY），此次上線開通BABY/USDT 交易對。 Babylon 比特幣質押協議將比特幣安全網路與比特幣持有者連接起來，讓您直接存取加密貨幣領域中最大、最強大的社群。,2025-04-10 14:24:05,https://www.odaily.news/zhtw/newsflash/426607,newsflashes,426607
西太平洋銀行CEO就因購買比特幣轉帳而凍結客戶帳戶事件公開致歉,"Odaily星球日報訊 澳洲四大銀行之一的西太平洋銀行（Westpac）執行長Anthony Miller 最近就凍結客戶帳戶一事公開致歉。事件起因於一位名為Tim 的客戶嘗試向加密交易平台CoinSpot 轉帳3 萬澳元購買BTC，隨後被銀行風控團隊攔截並凍結帳戶。 Tim 稱因無法及時操作而錯失BTC 漲幅收益，並在雪梨2GB 廣播中公開了與銀行通話錄音，引發輿論關注。 Miller 隨後在2GB 節目中回應稱，雖然反詐騙措施必要，但此次事件在溝通和處理上存在問題，西太平洋銀行將尋求改進。 事件發生之際，澳洲政府正推動與加密產業相關的去銀行化與透明化改革。 （decrypt）
",2025-04-10 13:58:38,https://www.odaily.news/zhtw/newsflash/426601,newsflashes,426601
古代ETH巨鯨完成清倉，三年共拋售9095枚ETH累積套現1250萬美元,"Odaily星球日報訊 根據@OnchainLens 監測，一地址完成最後2024 枚ETH 清倉交易，價值約296 萬美元，結束其2.4 年的沉寂期。數據顯示，該地址三年內累計賣出9,095 枚ETH，平均賣出價格為1,375 美元，累計變現約1,250 萬美元。鏈上記錄顯示，該地址最早可追溯至10 年前在Kraken 和Bitfinex 的提幣行為。",2025-04-10 13:40:13,https://www.odaily.news/zhtw/newsflash/426599,newsflashes,426599
BitMart4月10日市場行情報告：BTC 日內暴漲暴跌，市場情緒依舊低迷,"Odaily星球日報訊 根據BitMart 4 月10 日市場行情報告，加密貨幣市場總市值2.61 兆美元，較前一天上漲8.82%。 BTC 日內暴漲暴跌，川普宣布暫停關稅後一度大漲突破83,000 美元；ETH 跟隨大盤漲跌，日內振幅高達20%，跌破1,400 美元後再次回升至1,650 美元附近；ETH/BTC 小幅回升，目前為止在0.02 附近；多空比為0.96，空方勢力處於24 小時最低，市場情緒依舊低迷。
",2025-04-10 12:55:30,https://www.odaily.news/zhtw/newsflash/426596,newsflashes,426596
以太幣新聞週刊創辦人：若ETH不被視為貨幣，其價值將趨近於零,"Odaily星球日報訊 以太坊新聞週刊創辦人Evan Van Ness 在社群平台貼文表示，若ETH 不具備「貨幣屬性」與溢價，其價值將以折現現金流模式走向歸零，不僅對法幣貶值，在加密市場也將持續走弱。他指出，ETH 價格上漲是推動生態採納的前提，缺乏貨幣地位將削弱Ethereum 基金會財政，影響客戶開發與平台採納。他最後強調：「ETH 就是貨幣」。
",2025-04-10 12:49:07,https://www.odaily.news/zhtw/newsflash/426595,newsflashes,426595
比特幣現貨ETF昨日總淨流出1.27億美金，持續5日淨流出,"Odaily星球日報訊 根據SoSoValue 數據，昨日（美國東部時間4 月9 日）比特幣現貨ETF 總淨流出1.27 億美元。 昨日單日淨流入最多的比特幣現貨ETF 為Bitwise ETF BITB，單日淨流入為671.23 萬美元，目前BITB 歷史總淨流入達19.76 億美元。 昨日單日淨流出最多的比特幣現貨ETF 為貝萊德比特幣ETF IBIT，單日淨流出為8,971.23 萬美元，目前IBIT 歷史總淨流入達395.68 億美元。 截至發稿前，比特幣現貨ETF 總資產淨值為917.90 億美元，ETF 淨資產比率（市值較比特幣總市值佔比）達5.56%，歷史累計淨流入已達355.10 億美元。
",2025-04-10 11:52:47,https://www.odaily.news/zhtw/newsflash/426587,newsflashes,426587
以太幣現貨ETF昨日總淨流出1118.73萬美金，九支ETF無一淨流入,"Odaily星球日報訊 根據SoSoValue 數據，昨日（美國東部時間4 月9 日）以太幣現貨ETF 總淨流出1,118.73 萬美元。 昨日單日淨流出最多的以太坊現貨ETF 為富達ETF FETH，單日淨流出為573.29 萬美元，目前FETH 歷史總淨流入達14.05 億美元。 其次為貝萊德ETF ETHA，單日淨流出量為545.44 萬美元，目前ETHA 歷史總淨流入達40.48 億美元。 截至發稿前，以太坊現貨ETF 總資產淨值為55.57 億美元，ETF 淨資產比率（市值較以太坊總市值佔比）達2.75%，歷史累計淨流入已達23.44 億美元。
",2025-04-10 11:51:14,https://www.odaily.news/zhtw/newsflash/426586,newsflashes,426586
火幣HTX發布2025年4月默克爾樹儲備證明：多幣種超額儲備，資產沉澱量持續成長,"Odaily星球日報訊 根據火幣HTX 官網消息，火幣HTX 於4 月1 日更新的梅克爾樹資產證明數據顯示，平台整體資產儲備金率維持在100%以上，平台安全實力持續增強。具體更新的儲備金率為：BTC（101%）、ETH（100%）、TRX（105%）、USDT（101%）、HTX（105%）、XRP（101%）、DOGE（100%）、SOL（101%）。 數據顯示，火幣HTX 整體資產沉澱量增長明顯，其中，USDT 用戶資產從約6.65 億枚增長至11.50 億枚，相較於3 月增幅超過73%，顯示出強勁的用戶資產淨流入趨勢，表明用戶持續信任平台並增加資產持有量。 據悉，儲備金率高於或等於100%即代表平台有能力100%兌付用戶資產，是衡量平台安全與透明的重要指標。作為業界最早採用梅克爾樹驗證機制的平台之一，火幣HTX 已連續30 個月公開揭露儲備數據。用戶可隨時造訪火幣HTX 官網的「資產-儲備金證明報告」頁面，查看每月更新的儲備證明報告。
",2025-04-10 11:46:49,https://www.odaily.news/zhtw/newsflash/426584,newsflashes,426584
穩定幣之王的下一步：Tether斥資100億打造“點對點版ChatGPT”,,2025-04-10 11:29:54,https://www.odaily.news/zhtw/post/5202889,posts,5202889
某沉寂2年的以太坊OG地址再次拋售10702枚ETH,"Odaily星球日報訊 根據Lookonchain 監測，某以太坊OG 地址在沉寂2 年後再次以1,576 美元的均價拋售了10,702 枚ETH（約合1,686 萬美元）。 該地址早在2016 年就獲得了ETH，當時的價格僅為8 美元。當ETH 價格超過4,000 美元時，他從未賣出，但總是選擇在大幅下跌時賣出。
",2025-04-10 11:18:39,https://www.odaily.news/zhtw/newsflash/426581,newsflashes,426581
TRC20-USDT發行量突破677億枚，創歷史新高,"Odaily星球日報訊 最新消息，TRC20-USDT 發行量增加至677 億枚，創歷史新高。今年以來，波場網路已累計增發近80 億枚USDT，截至目前，TRC20-USDT 佔全網USDT 總發行量的46.9%，持有帳戶數達6,391 萬，累計轉帳數超過24.3 億筆。 此外，波場TRON 創辦人孫宇晨近日在「BUIDL 2025」高峰會上表示，預計今年波場鏈上的USDT 市值有望突破1,000 億美元。 TRC20-USDT 是Tether 公司基於波場TRON 網路發行的錨定美元的穩定幣，轉帳速度快、低手續費的特點已經吸引了大批用戶，且已經有Binance、HTX、OKX、Bitfinex、MEXC、KuCoin、Gate.io、Poloniex 等多家交易所的支援。基於TRC20 版本的USDT 將大幅提升波場TRON 現有的去中心化應用生態系統，帶來更高的整體價值儲存和更強的去中心化交易所流動性，並為企業級合作夥伴與機構投資者提供更便捷的區塊鏈入口。
",2025-04-10 11:07:07,https://www.odaily.news/zhtw/newsflash/426579,newsflashes,426579
"BTC跌破82,000 USDT，24H漲幅收窄至8.52%","Odaily星球日報訊 OKX 行情顯示，BTC 跌破82,000 USDT，現報81999.9 USDT，24H 漲幅收窄至8.52%。 （本條快訊由AI輔助生成）",2025-04-10 11:06:00,https://www.odaily.news/zhtw/newsflash/426578,newsflashes,426578
幣安調整OM、XRP等多個現貨交易對步長,Odaily星球日報訊 根據官方公告，幣安將於2025 年4 月17 日07：00（UTC）調整OM/BTC、XRP/USDT 等15 個現貨交易對的步長（訂單數量最小變動單位），調整後步長統一為0.1。此更新不影響現有現貨訂單，API 用戶可透過GET/api/v3/exchangeInfo 取得最新步長資訊。 （本條快訊由AI輔助生成）,2025-04-10 11:02:00,https://www.odaily.news/zhtw/newsflash/426577,newsflashes,426577
加密市場全線反彈，AI板塊領漲15.82%，ETH重返1600美元上方,"Odaily星球日報訊 4 月10 日，根據SoSoValue 數據，川普宣布對多個國家暫停徵稅並下調稅率，受該消息影響，加密市場全線反彈，加密板塊24 小時普遍漲幅約達4%至15%。其中，AI 板塊領漲15.82%，Bittensor（TAO） 、Fetch.ai（FET） 、Render（RENDER） 24 小時分別上漲15.52%、15.79%、16.71%。此外，Ethereum（ETH）上漲13.77%，突破1,600 美元關卡。 Bitcoin （BTC）上漲7.94%，一度升破8.3 萬美元。 值得一提的是，MAG7.ssi 上漲11.24%，DEFI.ssi 上漲15.92%，MEME.ssi 上漲13.44%。 其他板塊方面，DeFi 板塊24 小時上漲12.43%，其中，Ondo Finance（ONDO）上漲23.87%；PayFi 板塊上漲12.26%，板塊內，XRP 上漲14.13%；Meme 板塊上漲11.87%，Dogecoin（DOGE.13%； 2%；Layer1 板塊上漲8.52%，Solana（SOL） 、Cardano（ADA）分別上漲12.72%、12.56%；CeFi 板塊上漲5.89%，Hyperliquid（HYPE）上漲16.09%。 同時，反映板塊歷史行情的加密板塊指數顯示，ssiAI、ssiDeFi 、ssiRWA 指數24 小時分別上漲16.27%、13.79%、12.97%。
",2025-04-10 10:58:57,https://www.odaily.news/zhtw/newsflash/426576,newsflashes,426576
疑似Kraken聯創關聯位址將1501枚ETH存入Aave和Compound,"Odaily星球日報訊 根據Lookonchain 監測，一個可能與Jesse Powell（Kraken 聯創）有關的錢包在7 小時前從Kraken 提取了1,501 ETH（246 萬美元）並將其存入Aave 和Compound。
",2025-04-10 10:26:16,https://www.odaily.news/zhtw/newsflash/426575,newsflashes,426575
Tether 4小時前在波場網路增發10億枚USDT,"Odaily星球日報訊 根據Lookonchain 監測，Tether 4 小時前在波場網路上增發10 億枚USDT。 截至2025 年，Tether Treasury 已於TronNetwork 共鑄造了80 億USDT，並於Ethereum 銷毀了10 億USDT。
",2025-04-10 09:41:13,https://www.odaily.news/zhtw/newsflash/426569,newsflashes,426569
灰階最新研究：關稅、滯脹與比特幣，全球經濟大變局,,2025-04-10 09:19:29,https://www.odaily.news/zhtw/post/5202886,posts,5202886
某高槓桿巨鯨由ETH空單轉為BTC多單，24小時內獲利超600萬美元,Odaily星球日報訊 根據Lookonchain 監測，一名交易者在Hyperliquid 上以40 倍槓桿做多BTC，目前已獲427 萬美元未實現利潤。其在11 小時前關閉MUX 上的ETH 空單，並轉而做多BTC，24 小時內總收益達616 萬美元。,2025-04-10 08:48:28,https://www.odaily.news/zhtw/newsflash/426565,newsflashes,426565
Arthur Hayes：川普關稅暫停再次確認MOVE指標有效性，下次比特幣走勢或與此不同,"Odaily星球日報訊 伴隨川普關稅暫停政策，目前MOVE 指數已快速回落至128.83，低於140 的關鍵閾值。 Arthur Hayes 對此表示，此次驗證了MOVE 指數的有效性。 “我們很快就會再來。趁著派對還剩下時間，好好享受吧。下一次BTC 可能不會首先跟隨股票進入困境，而是繼續放大。”
",2025-04-10 08:27:40,https://www.odaily.news/zhtw/newsflash/426562,newsflashes,426562
以太坊研究員Virgil Griffith已獲釋，刑期縮減至56個月,"Odaily星球日報訊 以太坊研究員Virgil Griffith 已於4 月9 日獲釋，將暫時居住於中途宿舍等待假釋流程完成。 Griffith 因2019 年在北韓發表區塊鏈相關演講被捕，後來被指控違反《國際緊急經濟權力法》。儘管檢方反對，法院於2024 年7 月將其刑期由63 個月減至56 個月。 （Cointelegraph）
",2025-04-10 08:06:25,https://www.odaily.news/zhtw/newsflash/426558,newsflashes,426558
Glassnode：美國關稅衝擊主要金融市場，6.5-7.1萬美元是BTC多頭重要支撐位,"Odaily星球日報訊 Glassnode 在最新的報告中表示，美國關稅的宣布對主要金融市場造成了嚴重擾亂，許多市場經歷了自2020 年3 月以來最糟糕的交易日，主要數位資產的資本流入已經陷入停滯，造成重大阻力和流動性收縮。然而隨著比特幣和以太幣價格的下跌，虧損規模似乎正在縮小，顯示投資者可能正在接近短期賣家疲憊的程度。 本輪數位資產暴跌呈現普跌格局，山寨幣總市值已從2024 年12 月的1 兆美元縮水至目前的5,830 億美元。鏈上數據與技術模型的共振分析顯示，93,000 美元是關鍵心理關卡——比特幣必須收復該價位才能重建上漲動能。而下行方向上，65,000 至71,000 美元區間仍是多頭的重要支撐位。",2025-04-09 23:54:46,https://www.odaily.news/zhtw/newsflash/426513,newsflashes,426513
某聰明錢四個月前在Hyperliquid 存入117萬枚USDC做空XRP、BTC和ETH，浮滿230萬美元,Odaily星球日報訊 根據Lookonchain監測，某聰明錢四個月前在Hyperliquid 存入117萬枚USDC做空XRP、BTC和ETH，浮盈達230萬美元。,2025-04-09 23:12:03,https://www.odaily.news/zhtw/newsflash/426507,newsflashes,426507
某巨鯨使用750萬枚USDC作為保證金3x做多HYPE，目前浮105萬美元,"Odaily星球日報訊 根據鏈上分析師餘燼監測，DeBank 名為silentraven的巨鯨使用750 萬枚USDC 作為保證金3x 做多HYPE，目前浮盈105 萬美元。 他透過抵押380.5 萬枚WBTC（2940 萬沒剋元）向Aave 借款750 萬枚USDC，然後轉進Hyperliquid 3x 做多85.8 萬枚$HYPE（1081 萬美元）。開倉均價11.36 美元，目前浮105 萬美元。
",2025-04-09 23:05:44,https://www.odaily.news/zhtw/newsflash/426506,newsflashes,426506
BNB Chain公佈1億美元流動性激勵計畫第二批入選計畫PumpBTC,Odaily星球日報訊 BNB Chain 公佈1 億美元流動性激勵計劃第二批入選項目，最終僅PumpBTC（PUMP）符合條件，Bubb （$BUBB）、JLaunchpad （$JLP）和Ailey （$ALE）目前不符合流動性獎勵資格。,2025-04-09 22:38:49,https://www.odaily.news/zhtw/newsflash/426504,newsflashes,426504
Glassnode：比特幣持有期間為3-6個月的群體損失佔比升至19.4%,Odaily星球日報訊 Glassnode 在X 平台發文分析稱，與今年的幾次比特幣大規模拋售相比，損失現在正蔓延至更早買入加密貨幣的群體，尤其是那些持有期為3 至6 個月的比特幣群體。這些中期持有者的損失佔比從2 月27 日的0.8%上升至4 月7 日的19.4%。,2025-04-09 22:28:58,https://www.odaily.news/zhtw/newsflash/426503,newsflashes,426503
今日美國比特幣ETF淨流出5239枚BTC，以太幣ETF淨流出2589枚ETH,Odaily星球日報訊 根據Lookonchain 監測，今日10 隻美國比特幣ETF 淨流出5239 枚BTC，其中貝萊德流出3296 枚BTC，目前貝萊德持有572074 枚BTC，價值443.9 億美元；9 枚以太美元。,2025-04-09 22:12:56,https://www.odaily.news/zhtw/newsflash/426500,newsflashes,426500
Andrew Kang關聯地址將227萬枚USDC存入Hyperliquid ，以40倍槓桿做多BTC,Odaily星球日報訊 根據OnChain Lens 監測，Andrew Kang 關聯地址將227 萬枚USDC 存入Hyperliquid ，以40 倍槓桿做多BTC。,2025-04-09 22:09:13,https://www.odaily.news/zhtw/newsflash/426499,newsflashes,426499
ETH反彈突破1500 USDT，24H跌幅收窄至4.16%,Odaily星球日報訊 OKX 行情顯示，ETH 反彈突破1500 USDT，現報1500.35 USDT，24H 跌幅收窄至4.16%。 （本條快訊由AI輔助生成）,2025-04-09 22:01:00,https://www.odaily.news/zhtw/newsflash/426496,newsflashes,426496
BTC反彈突破78000 USDT，24H跌幅收窄至2.32%,"Odaily星球日報訊 OKX 行情顯示，BTC 反彈突破78,000 USDT，現報78007.9 USDT，24H 跌幅收窄至2.32%。 （本條快訊由AI輔助生成）",2025-04-09 22:00:00,https://www.odaily.news/zhtw/newsflash/426495,newsflashes,426495
市場消息：以太坊研究員Virgil Griffith已獲釋,Odaily星球日報訊 根據市場消息：因前往北韓並在當地展示區塊鏈而入獄的以太坊研究員Virgil Griffith 已獲釋。,2025-04-09 21:38:38,https://www.odaily.news/zhtw/newsflash/426491,newsflashes,426491
白宮加密和AI主管David Sacks擬下個月出席Bitcoin 2025大會,Odaily星球日報訊 根據市場消息：白宮加密和AI 主管David Sacks 將於下個月出席Bitcoin 2025 大會並發表演講。 （Bitcoin Magazine）,2025-04-09 21:33:20,https://www.odaily.news/zhtw/newsflash/426489,newsflashes,426489
Coinbase：已開始籌備支援以太坊Pectra升級，上線後將實施必要更新,Odaily星球日報訊 Coinbase 在官方部落格發文表示，以太坊的下一次重大升級即將到來，由於Holesky 和Sepolia 測試網激活期間的配置問題，Pectra 升級延遲，目前計劃於5 月7 日在主網上線，Coinbase 已開始積極籌備升級相關工作，並將在Pectra 正式上線後實施必要的更新。此外，Coinbase 也表示將繼續密切關注系統更新的準備工作，並積極努力確保客戶獲得順暢的上線體驗。,2025-04-09 21:27:41,https://www.odaily.news/zhtw/newsflash/426487,newsflashes,426487
貝萊德2小時前向Coinbase Prime轉入3296枚BTC，價值約2.54億美元,"Odaily星球日報訊 根據Lookonchain 監測，貝萊德2 小時前向Coinbase Prime 轉入3,296 枚BTC，價值約2.54 億美元。",2025-04-09 21:13:54,https://www.odaily.news/zhtw/newsflash/426484,newsflashes,426484
Bitwise CIO：關稅風暴可能對比特幣有利，維持年底20萬美元價格目標,"Odaily星球日報訊 Bitwise 首席投資長Matt Hougan 預計關稅風暴可能對比特幣有利，因為貿易戰將削弱美元的儲備貨幣地位，並刺激對比特幣等「硬通貨」的需求，儘管緊張局勢不斷升級，該資產管理公司仍維持其年底20 萬美元BTC 價格目標。 （The Block）
",2025-04-09 21:05:48,https://www.odaily.news/zhtw/newsflash/426480,newsflashes,426480
BTC反彈突破77000 USDT，24H跌幅收窄至3.51%,Odaily星球日報訊 OKX 行情顯示，BTC 反彈突破77000 USDT，現報77012 USDT，24H 跌幅收窄至3.51%。 （本條快訊由AI輔助生成）,2025-04-09 20:55:00,https://www.odaily.news/zhtw/newsflash/426476,newsflashes,426476
Babylon：擬於4月10日啟動第二階段，發布L1區塊鏈Babylon Genesis,"Odaily星球日報訊 比特幣質押協議Babylon 發佈公告稱，Babylon Genesis 鏈計劃於北京時間2025 年4 月10 日18:00 公開發布，此前將經歷一段短暫的設置期（用於激活驗證者節點、最終性提供者、監督者、橋接器等關鍵組件）。此安排為Babylon 推出比特幣質押協議的第二個階段。在第二階段啟動時，符合條件的空投接收者將在其註冊的BABY 錢包中收到BABY 代幣，無需領取，BABY 代幣轉移和質押將於第一天啟用。
",2025-04-09 20:47:23,https://www.odaily.news/zhtw/newsflash/426474,newsflashes,426474
Tether CEO：擬於6月或9月推出AI平台，讓用戶自主控制數據,Odaily星球日報訊 Tether 執行長PaoloArdoino 在最新採訪中透露，雖然Tether 的美國穩定幣計劃仍處於早期階段且不確定，但該公司正在努力實現人工智能的多元化，計劃在6 月（或9 月）推出自己的人工智能平台，該平台將是OpenAI 等模型的點對點替代方案，允許用戶控制自己的數據並進行所有推理，該平台將是OpenAI 等模型的點對點替代方案，允許用戶控制自己的數據並進行所有推理，在自己的設備中連接到所有設備更多功能，不必與ChatGPT 分享數據。 （Forbes）,2025-04-09 20:46:54,https://www.odaily.news/zhtw/newsflash/426473,newsflashes,426473
"數據：3月上市礦企共挖出3,648枚BTC，季增17.1%","Odaily星球日報訊 Farside Investors 數據顯示，目前所有主要上市礦企均已對其3 月挖礦情況做出報告，共挖出3,648 枚比特幣。",2025-04-09 20:39:39,https://www.odaily.news/zhtw/newsflash/426471,newsflashes,426471
Greeks.live：大多數交易者預計比特幣將繼續跌至6.9-7萬美元,"Odaily星球日報訊 Greeks.live 發布社群簡報，指出社群主要持看跌立場，大多數交易者預計比特幣將繼續跌至6.9 萬至7 萬美元，但也有一些成員認為目前已觸底或接近觸底。市場參與者正密切關注不斷升級的關稅及其對全球市場的影響較。 由於技術趨勢仍未突破，社區共識預計比特幣價格將繼續下跌，大多數人認為其目標價位將在69,000-70,000 美元左右，一些會員正在積極以80-84,000 美元的水平出售看漲期權，以利用當前的波動性和下行趨勢。",2025-04-09 20:09:01,https://www.odaily.news/zhtw/newsflash/426466,newsflashes,426466
BTC跌破76000 USDT,"Odaily星球日報訊 OKX 行情資料顯示，BTC 跌破76,000 USDT，現報75972 USDT，24H 跌幅3.86%。 （本條快訊由AI輔助生成）",2025-04-09 19:06:00,https://www.odaily.news/zhtw/newsflash/426449,newsflashes,426449
關稅戰打響，比特幣如何在新金融秩序中挺進？,,2025-04-09 18:22:48,https://www.odaily.news/zhtw/post/5202869,posts,5202869
Matrixport：市場可能尚未接近反彈時機，等待財政部或聯準會明確釋放訊號,"Odaily星球日報訊 Matrixport 發布今日圖表稱，比特幣目前正處於另一個調整階段。從歷史來看，過去四次當隨機指標（Stochastics Index）跌至15%時，比特幣都出現了明顯反彈。然而，目前該指標仍處於25%的水平，顯示市場可能尚未接近反彈時機。 儘管川普總統聲稱中方急於進行談判，但中方並未給予呼應，市場情緒仍保持謹慎。同時，儘管美股已經出現了20%的回調，但財政部或聯準會尚未明確釋放支持訊號，因此在隨機指標逼近關鍵的15%門檻之前，現在可能還不是「抄底」比特幣的理想時機。
",2025-04-09 18:11:23,https://www.odaily.news/zhtw/newsflash/426444,newsflashes,426444
BitMart行情報告：市場情緒依舊低迷，資金市場後市看跌情緒嚴重,"Odaily星球日報訊 根據BitMart 4 月9 日市場行情報告，加密貨幣市場總市值2.45 兆美元，較前一天下降2.08%。 BTC 日內波動加劇，再次從81,000 美元跌回75,000 美元附近，BTC ETF 連續四日淨流出；今日AHR999 指數為0.63，愈發接近指數抄底區間；ETH 跟隨大盤漲跌，日內跌破1,400 美元跌破門，ETH/BTC 長期下跌19971977年； 006，市場情緒依舊低迷。隨著美國對多國商品加徵的「對等關稅」於4 月9 日正式生效，經濟衰退風險急劇升溫，投資人需注意風險。
",2025-04-09 17:41:02,https://www.odaily.news/zhtw/newsflash/426440,newsflashes,426440
QCP ：股市若進一步下跌或導致比特幣跌破7.5萬美元支撐位,"Odaily星球日報訊 QCP 在官方頻道發文表示，美國對中國實施新一輪關稅後，市場延續跌勢。目前對中國進口商品的總關稅已攀升至驚人的104%。 市場波動持續高企，波動率指數（VIX）連續第三個交易日維持在40 以上。傳統避險資產未能發揮預期作用，由於投資者爭相去風險化並應對追加保證金通知，黃金和美國國債均出現拋售。 在全球市場風險情緒惡化背景下，加密貨幣市場呈現回調態勢。比特幣目前在75,000 美元水準整固，但可能受到股市下跌的進一步影響。以太坊表現相對疲軟，價格已回落至1,400 美元水平，創下自2023 年初以來新低。 在當前市場波動加劇的環境下，加密貨幣收益策略重新引起市場關注。較高的隱含波動率為市場參與者透過結構性交易獲取收益提供了機會。
",2025-04-09 17:13:09,https://www.odaily.news/zhtw/newsflash/426436,newsflashes,426436
WLFI拋售ETH的背後：停損還是另有圖謀？,,2025-04-09 16:22:45,https://www.odaily.news/zhtw/post/5202870,posts,5202870
"CryptoQuant：4月6日比特幣多頭平倉達7,500枚","Odaily星球日報訊 根據CryptoQuant 分析師Darkfost 分析，4 月6 日發生了本輪牛市以來最大規模的比特幣多頭平倉事件，當天約7,500 枚比特幣多頭部位被清算。這是本輪牛市單日最大多頭平倉紀錄，主要由於川普經濟政策特別是關稅相關不確定性引發的市場波動加劇。 Darkfost 提醒投資人，在波動性上升的時期需保持謹慎，注重保護資金安全。",2025-04-09 16:17:07,https://www.odaily.news/zhtw/newsflash/426430,newsflashes,426430
Spartan Group合夥人：如今BTC受到ETF和宏觀經濟等外部因素的影響更大，無法盲目跟隨市場情緒,Odaily星球日報訊 Spartan Group 普通合夥人Jason Choi 回顧2022 年的投資經驗時表示，當時過於急切地將4 萬美元全倉投入比特幣，結果比特幣價格後來跌至約1.5 萬美元。他雖然及時退出避免了更大損失，但這次經驗讓他意識到市場判斷的重要性。他提到自己在預測市場頂部方面表現不錯，但在判斷底部和做空策略上還有不足。 Jason 也指出，如今比特幣受到ETF 和宏觀經濟等外部因素的影響更大，判斷市場趨勢比以往更複雜。他提醒投資者，「在別人恐懼時貪婪」需要結合實際情況，不能盲目跟隨市場情緒，理性判斷才能帶來更好的投資結果。,2025-04-09 15:38:24,https://www.odaily.news/zhtw/newsflash/426424,newsflashes,426424
幣安將於4月11日下架多筆現貨交易對,Odaily星球日報訊 根據官方公告，幣安將於2025 年4 月11 日03：00（UTC）下架ACT/BRL、ALPHA/BTC、BLUR/BTC、CELR/BTC、PENGU/BNB、POND/BTC、RUNE/BNB 等現貨交易對。同時，幣安將終止上述交易對的現貨交易機器人服務。用戶仍可在其他可用交易對上交易相關幣種。 （本條快訊由AI輔助生成）,2025-04-09 15:02:00,https://www.odaily.news/zhtw/newsflash/426417,newsflashes,426417
佛羅裡達州比特幣儲備法案定於本週四在保險和銀行小組委員會舉行公開聽證會,Odaily星球日報訊 根據Bitcoin Laws 披露，佛羅裡達州比特幣儲備法案HB 487 定於本週四（4 月10 日）在保險和銀行小組委員會舉行公開聽證會，這將是自兩個月前該法案提出以來，佛羅裡達州首次公開的比特幣儲備法案聽證會。,2025-04-09 14:52:19,https://www.odaily.news/zhtw/newsflash/426415,newsflashes,426415
Strategy要賣BTC？一季浮虧60億後，Fud來勢洶洶,,2025-04-09 14:42:43,https://www.odaily.news/zhtw/post/5202862,posts,5202862
某鯨魚以1471美元的價格出售5094枚ETH以償還債務,"Odaily星球日報訊 根據Lookonchain 監測，某位鯨魚在今天以1,471 美元的價格出售了5,094 枚ETH（約750 萬美元）以償還債務。他最初在2024 年7 月5 日，以3084 美元的價格購買了26235 枚ETH，為此借入了8,091 萬美元的USDT。 2025 年3 月11 日，他以1,853 美元的價格出售了25,800 枚ETH，以換取4,780 萬美元的USDT，用於償還部分債務。該鯨魚在ETH 上損失了約4000 萬美元。",2025-04-09 14:25:21,https://www.odaily.news/zhtw/newsflash/426410,newsflashes,426410
Placeholder合夥人：若比特幣失守現有水平，7萬美元處有大量支撐,Odaily星球日報訊 Placeholder 合夥人Chris Burniske 在X 發文表示，「如果我們失守現在這個水平，接下來需要關注的比特幣支撐位是7 萬美元，那裡有大量支撐，位於2021 年周期的高點，以及2024 年3 月到10 月的區間高點。人們不可避免地會變得貪婪，預測價格會跌得比實際更低，所以我在批次中更是如此」。,2025-04-09 14:16:08,https://www.odaily.news/zhtw/newsflash/426406,newsflashes,426406
BTC反彈突破77000 USDT，24H跌幅收窄至3.43%,Odaily星球日報訊 OKX 行情顯示，BTC 反彈突破77000 USDT，現報77000.5 USDT，24H 跌幅收窄至3.43%。 （本條快訊由AI輔助生成）,2025-04-09 14:01:00,https://www.odaily.news/zhtw/newsflash/426402,newsflashes,426402
"Definalist：某Upbit用戶設定4,500萬美元ETH買單牆，已成交1000萬美元",Odaily星球日報訊 韓國交易員Definalist 發文表示，“看起來一位未知的匿名韓國人已在Upbit 的以太坊現貨市場上設置了4500 萬美元的買單牆。到目前為止，似乎其已經購買了價值約1000 萬美元的ETH。”,2025-04-09 14:00:39,https://www.odaily.news/zhtw/newsflash/426401,newsflashes,426401
以太坊自推出以來僅有15%的時間表現優於比特幣,Odaily星球日報訊 自以太坊（Ethereum）推出以來，其表現優於比特幣的交易日僅佔15%。自2015 年中旬以太坊開始交易以來，以太坊有85%的時間表現不如比特幣。分析師James Check 在4 月8 日的X 平台上分享了這項數據。 Check 提供的數據顯示，在2015 年至2017 年中期的早期階段，以太坊的表現顯著優於比特幣。此外，在2019 年底和2020 年初，以太坊對比特幣的比率曾短暫有利於以太坊。然而，在過去五年裡，比特幣的表現一直優於以太坊。 （Cointelegraph）,2025-04-09 13:41:08,https://www.odaily.news/zhtw/newsflash/426398,newsflashes,426398
複盤聯準會10年利率週期：三種路徑推演下，比特幣將走向何方？,,2025-04-09 13:38:40,https://www.odaily.news/zhtw/post/5202864,posts,5202864
星球午訊,"1. 比特幣現貨ETF 昨日總淨流出3.26 億美元，持續4 日淨流出； 2. Bitwise CEO：BTC 是國家擺脫美元依賴的理想價值儲藏工具； 3. 巨鯨獲4.3 萬美元ETHFI 空投，卻因質押ETH 700 萬美元，已獲虧損約1190 萬美元；警告比特幣市值大幅下跌或影響履約能力時，或需出售BTC 以償債； 6. 疑似WLFI 拋售ETH 止損，浮虧已超1.25 億美元； 7. Arthur Hayes：美元出口收益減少，市場難再支撐美債與美股； 8. 以太坊現貨ETF 昨日總收入本位永續合約資金費率結算頻率為四小時一次10. 美國10 年期公債殖利率升至近六週高點。
",2025-04-09 13:28:18,https://www.odaily.news/zhtw/newsflash/426394,newsflashes,426394
兩年沈寂後巨鯨向Kraken充值500枚ETH，仍面臨16.6萬美元浮虧,"Odaily星球日報訊 據@OnchainLens 監測，一地址在沉寂兩年後向Kraken充值500枚ETH，以當前價格價值約70.87萬美元，仍面臨約16.6萬美元的浮虧。 鏈上數據顯示，該地址曾於2022年7月23日至2023年4月1日期間，從Bittrex累計提取2225枚ETH，平均買入價為1504美元。目前該地址仍持有1,725枚ETH，以目前價格價值約247萬美元。
",2025-04-09 12:27:29,https://www.odaily.news/zhtw/newsflash/426388,newsflashes,426388
比特幣現貨ETF昨日總淨流出3.26億美元，持續4日淨流出,"Odaily星球日報訊 根據SoSoValue 數據，昨日（美國東部時間4 月8 日）比特幣現貨ETF 總淨流出3.26 億美元。 昨日單日淨流出最多的比特幣現貨ETF 為貝萊德比特幣ETF IBIT，單日淨流出為2.53 億美元，目前IBIT 歷史總淨流入達396.57 億美元。 其次為Bitwise ETF BITB，單日淨流出為2,171.50 萬美元，目前BITB 歷史總淨流入達19.69 億美元。 截至發稿前，比特幣現貨ETF 總資產淨值為857.56 億美元，ETF 淨資產比率（市值較比特幣總市值佔比）達5.6%，歷史累計淨流入已達356.37 億美元。
",2025-04-09 11:54:26,https://www.odaily.news/zhtw/newsflash/426386,newsflashes,426386
以太幣現貨ETF昨日總淨流出329.47 萬美元，九支ETF無一淨流入,"Odaily星球日報訊 根據SoSoValue 數據，昨日（美國東部時間4 月8 日）以太幣現貨ETF 總淨流出329.47 萬美元。 昨日單日淨流出最多的以太坊現貨ETF 為富達ETF FETH，單日淨流出為329.47 萬美元，目前FETH 歷史總淨流入達14.11 億美元。 截至發稿前，以太坊現貨ETF 總資產淨值為49.77 億美元，ETF 淨資產比率（市值較以太坊總市值佔比）達2.78%，歷史累計淨流入已達23.56 億美元。
",2025-04-09 11:53:21,https://www.odaily.news/zhtw/newsflash/426385,newsflashes,426385
Bitwise CEO：比特幣是國家擺脫美元依賴的理想價值儲藏工具,Odaily星球日報訊 Bitwise 執行長Hunter Horsley 表示：「如果你是一個目前不信任美國的國家，會希望將價值儲存在非美資產中。但又不願持有其他國家的貨幣、債務或資產，因為它們更脆弱，且可能會被進一步貶值。黃金雖是選項，但運輸與掌控存在困難。此時你會發現——比特幣是一種無法被人為控制,2025-04-09 11:29:56,https://www.odaily.news/zhtw/newsflash/426381,newsflashes,426381
巨鯨獲4.3萬美元ETHFI空投，卻因質押ETH累計虧損約1190萬美元,"Odaily星球日報訊 據鏈上分析師@ai_9684xtpa 監測，ETH LRT 巨鯨於9 小時前將最後4000 枚ETH 從ether.fi 贖回並充值至Binance，標誌著其徹底清倉。過去一年，該地址透過ether.fi 質押累計投入40626 枚ETH，期間獲得約4.3 萬美元的ETHFI 空投獎勵，但仍無法抵消ETH 價格下跌帶來的虧損，估算整體損失達1190 萬美元。該巨鯨主要在2023 年12 月至2024 年5 月期間以均價3,033 美元大量囤幣。",2025-04-09 10:50:55,https://www.odaily.news/zhtw/newsflash/426377,newsflashes,426377
加密市場遭重挫，ETH 領跌9.57%，BTC 一度跌破7.5萬美元,"Odaily星球日報訊 4 月9 日，根據SoSoValue 數據，川普「對等關稅」政策今日生效，受此政策衝擊，恐慌情緒在加密市場蔓延，加密板塊24 小時跌幅普遍約3%至10%。其中，Ethereum（ETH） 24 小時跌幅達9.57%，一度跌破1,400 美元，創下自2023 年3 月以來的最低點。 Bitcoin （BTC）下跌5.47%，最低跌至7.5 萬美元下方。 其他板塊方面，CeFi 板塊24 小時下跌2.59%，但LEO Token（LEO）相對堅挺，上漲0.87%；Layer1 板塊下跌4.32%，其中，Solana（SOL） 、Cardano（ADA）分別下跌7.02%、7.30%；Layer2 板塊下跌，6.板塊下跌7.31%。 反映板塊歷史行情的加密板塊指數顯示，ssiAI、ssiMeme、ssiDeFi 指數24 小時分別下跌7.64%、7.37%、7.30%。
",2025-04-09 10:45:56,https://www.odaily.news/zhtw/newsflash/426376,newsflashes,426376
Arthur Hayes最新訪談：ETH將重返歷史新高，Circle IPO不值得投資,,2025-04-09 10:33:58,https://www.odaily.news/zhtw/post/5202854,posts,5202854
MicroStrategy警告比特幣市值大幅下跌或影響履約能力，或需出售BTC以償債,Odaily星球日報訊 MicroStrategy 在向美國SEC 提交的8-K 文件中披露，截至2025 年3 月31 日，其未償還債務總額為82.2 億美元，年度利息支出3510 萬美元，另需每年支付1.462 億美元優先股股息。由於企業軟體業務未實現正向現金流，若比特幣市值大幅下跌，公司可能被迫以低於成本價出售比特幣以履約，違約風險上升，甚至可能被迫進入破產或清算程序。公司強調未來融資能力高度依賴其比特幣資產市值與市場情緒變化。,2025-04-09 10:17:31,https://www.odaily.news/zhtw/newsflash/426373,newsflashes,426373
24H熱門幣種與要聞| BTC再次跌破7.5萬美元；Linea確認將在市場轉牛後TGE（4.9）,,2025-04-09 09:40:39,https://www.odaily.news/zhtw/post/5202851,posts,5202851
WLFI疑似拋售ETH停損，浮虧已超1.25億美元,"Odaily星球日報訊 根據Lookonchain 監測，疑似與World Liberty（@worldlibertyfi）相關的錢包在半小時前以均價1,465 美元出售了5,471 枚ETH，套現約8,010 萬美元。 該地址先前共耗資約2.1 億美元買進67,498 枚ETH，均價3,259 美元，目前帳面浮虧達約1.25 億美元。",2025-04-09 09:40:38,https://www.odaily.news/zhtw/newsflash/426370,newsflashes,426370
BTC跌破75000 USDT,"Odaily星球日報訊 OKX 行情資料顯示，BTC 跌破75,000 USDT，現報74999.9 USDT，24H 跌幅5.63%。 （本條快訊由AI輔助生成）",2025-04-09 09:25:00,https://www.odaily.news/zhtw/newsflash/426367,newsflashes,426367
ETH跌破1400 USDT,Odaily星球日報訊 OKX 行情資料顯示，ETH 跌破1400 USDT，現報1398.76 USDT，24H 跌幅9.97%。 （本條快訊由AI輔助生成）,2025-04-09 09:20:00,https://www.odaily.news/zhtw/newsflash/426366,newsflashes,426366
Wayfinder社區和錢包任務將於今晚結束,Odaily星球日報訊 Wayfinder 宣布，其目前的社區和錢包任務將在今晚美國東部時間零點結束，以推動任務的演進，早期參與者需在截止前完成任務。值得注意的是，如果用戶存入的是鏈原生代幣（如SOL、ETH），即使其美元兌換價值現已跌至低於10 美元的最低要求，只要在今晚任務結束之前存入要求的金額並持有至代幣生成事件（TGE），任務仍將被記為「完成」。 Kaito 的Yappers 任務將繼續進行至4 月13 日結束。,2025-04-09 09:17:10,https://www.odaily.news/zhtw/newsflash/426365,newsflashes,426365
巨鯨再割肉5094枚ETH保倉，已在ETH上累積虧損4000萬美元,"Odaily星球日報訊 根據@EmberCN 監測，ETH 價格劇烈下挫，透過循環貸做多ETH 的巨鯨為避免清算再次割肉賣出5094 枚ETH，以均價1471 美元換得約749 萬美元USDT 用於償還貸款，將Aave 倉位的清算價格降至1246 美元。 此前3 月11 日該巨鯨也曾在ETH 大跌時割肉賣出2.58 萬枚ETH，單次實現虧損高達3175 萬美元。兩次操作累計導致其在ETH 上已實現虧損約4,000 萬美元。 據悉，巨鯨於2024 年7 月以均價3,084 美元透過槓桿建倉ETH，目前在Aave 上仍持有約3 萬枚ETH，風險依舊高企。",2025-04-09 08:38:27,https://www.odaily.news/zhtw/newsflash/426363,newsflashes,426363
BTC跌破76000 USDT,"Odaily星球日報訊 OKX 行情資料顯示，BTC 跌破76,000 USDT，現報75995.6 USDT，24H 跌幅4.18%。 （本條快訊由AI輔助生成）",2025-04-09 08:05:00,https://www.odaily.news/zhtw/newsflash/426357,newsflashes,426357
今日美國比特幣ETF淨流出567枚BTC，以太幣ETF淨流出397枚ETH,Odaily星球日報訊 根據Lookonchain 監測，今日10 隻美國比特幣ETF 淨流出567 枚BTC，其中灰階GBTC 流出324 枚BTC，目前灰階GBTC 持有192233 枚BTC，價值150.6 億美元；9 檔以太ETF 淨流出397 枚 207 月持有，207 檔以太18.4 億美元。,2025-04-08 23:46:46,https://www.odaily.news/zhtw/newsflash/426343,newsflashes,426343
Aavegotchi DAO已投票贊成從Polygon遷移到Base,"Odaily星球日報訊 基於Aave 協議的Web3 遊戲生態Aavegotchi 社群以超過95%的支援率通過提案，決定從Polygon 網路遷移至Coinbase 旗下以太坊Layer 2 網路Base。作為遷移計劃的一部分，開發公司Pixelcraft Studios 將終止其Layer 3 解決方案「Geist」的營運。包括Aavegotchi 角色NFT、穿戴式裝置、徽章等所有鏈上資產將在Base 鏈進行1:1 映射鑄造；完整遷移預計耗時4-6 週，包含智能合約審計期；Polygon 原合約將升級為唯讀模式，禁止資產轉移和狀態變更。提案指出：「自2022 年以來，Polygon PoS 鏈的TVL 持續停滯或下降。儘管遊戲部署位置理論上不應影響體驗，但實際用戶流量始終追隨流動性。」（The Block）
",2025-04-08 23:04:40,https://www.odaily.news/zhtw/newsflash/426339,newsflashes,426339
BTC短時跌破79000 USDT，24H漲幅收窄至0.15%,"Odaily星球日報訊 OKX 行情顯示，BTC 短暫跌破79,000 USDT，現報78990 USDT，24H 漲幅收窄至0.15%。 （本條快訊由AI輔助生成）",2025-04-08 22:50:00,https://www.odaily.news/zhtw/newsflash/426336,newsflashes,426336
某鯨魚出售1萬枚ETH，價值1571萬美元,"Odaily星球日報訊 根據Lookonchian 監測，某鯨魚出售1 萬枚ETH，價值1571 萬美元，該鯨魚持有這些ETH 超過900 天，最初於2022 年10 月4 日和11 月14 日以平均1,295 美元的價格購買，當$ETH突破4000美元時，他沒有賣出。",2025-04-08 21:49:35,https://www.odaily.news/zhtw/newsflash/426324,newsflashes,426324
RedStone在以太坊擴展解決方案MegaETH上推出「Bolt」預言機,"Odaily星球日報訊 預言機開發團隊RedStone 成為最新部署在以太坊Layer 2 網路MegaETH 的項目，其採用的創新架構打破了傳統Rollup 方案的限制。此次合作恰逢MegaETH 公共測試線上線——這是該網路主網啟動前的最後準備階段。 RedStone 聯合創辦人Marcin Kazmierczak 表示，Bolt 系統將提供即插即用功能，相容於Compound、Aave 等主流DeFi 協定的傳統推送資料架構。 （The Block）
",2025-04-08 21:37:50,https://www.odaily.news/zhtw/newsflash/426322,newsflashes,426322
CertiK：MIM Spell駭客向Tornado Cash轉入1200枚ETH,Odaily星球日報訊 根據CertiK Alert 監測，MIM Spell 駭客已向混幣協議Tornado Cash 轉入1200 枚ETH。,2025-04-08 21:21:13,https://www.odaily.news/zhtw/newsflash/426318,newsflashes,426318
伯恩斯坦：比特幣展現強勁韌性，機構採用將讓比特幣更加穩健,Odaily星球日報訊 經紀商伯恩斯坦表示，比特幣表現出強勁的韌性，特別是在最近的市場混亂中下跌了26%，與過去50-70%的崩盤相比，跌幅較小，顯示需求強勁。關稅對比特幣礦企造成了傷害，但美國替代品和人工智慧機會提供了支持。比特幣的走勢仍像科技股而非黃金，但在市場收盤時，比特幣它可充當流動性風險資產。從長遠來看，比特幣非常像波動性更大、流動性更強的黃金版本（約2 兆美元，而黃金市場為20 兆美元）。 透過ETF 和企業債券（佔供應量的10%）進行的機構採用使比特幣更加穩健，儘管年初至今比特幣下跌了15%，但ETF 流入量仍保持正值，拋售壓力主要來自短期交易者。,2025-04-08 20:14:38,https://www.odaily.news/zhtw/newsflash/426310,newsflashes,426310
BTC突破80000 USDT，24H漲幅4.37%,Odaily星球日報訊 OKX 行情顯示，BTC 突破80000 USDT，現報80008.5 USDT，24H 漲幅4.37%。 （本條快訊由AI輔助生成）,2025-04-08 19:58:00,https://www.odaily.news/zhtw/newsflash/426304,newsflashes,426304
"「56,995枚ETH瀕臨清算巨鯨」再次還款，已將清算價格降至1,269.67美元","Odaily星球日報訊 據鏈上分析師@ai_9684xtpa 監測，「56,995 枚ETH 瀕臨清算巨鯨」再次還款，目前已將清算價格降至1,269.67 美元。 過去2 小時他又拋售了5,324.29 枚ETH 償還826.8 萬枚DAI 的借款，目前累計抵押43,694.35 枚ETH 借出3263 萬枚DAI。
",2025-04-08 19:56:53,https://www.odaily.news/zhtw/newsflash/426303,newsflashes,426303
Metis創辦人Elena發布社群公開信，闡述AI治理與人類價值對齊策略,"Odaily星球日報訊 以太坊Layer2 Metis 共同創辦人Elena Sinelnikova 透過Metis 官方X 致函全體社群成員，系統性剖析Metis 核心價值之一的治理架構及其AI 治理框架與人類價值對齊的策略的發展方向與未來實用場景。 Metis 致力於實現跨多個層面的去中心化，在實現人工智慧與人類的有效平衡協調方面具有獨特的優勢：即將推出的Metis SDK 可實現與所有其他鏈之間的無縫互操作性；透過可驗證計算技術、管理資產的個體中心化DAO（iDAO）、以及支撐AI 資產全生命週期錨定的數據錨定的數據錨性數據（DATAI）。其核心目標－AI 對齊問題，正是確保未來AI 治理與人類需求及願景相契合的關鍵所在。 Metis 的「人工智慧與人類的有效和平衡協調」的願景將有可能解決廣泛的問題，例如大到解決全球政治效率低下和與人民的不一致的全球性問題、國家和公司治理效率低下、不穩定的經濟政策、經濟崩潰和危機等大規模問題，也可以在每個規模較小但影響較大的問題上給出決策建議和引導，如給予商業決策、協助DAO 成員參與交易成員。 Metis 未來發展願景將會如其共同創辦人Elena 在公開信中提到的：」基於Metis 堅實的去中心化根基、跨鏈互通性優勢以及對倫理化AI 治理體系的承諾，Metis 絕非普通的Web3 平台——它正在成為重塑治理模式、商業生態與社會結構的理想試驗場，透過去中心化的更優-人類協作模式。
",2025-04-08 19:18:01,https://www.odaily.news/zhtw/newsflash/426295,newsflashes,426295
加密貨幣律師起訴美國當局以揭露中本聰身份,Odaily星球日報訊 知名加密律師James Murphy（@MetaLawMan）已依據《資訊自由法案》（FOIA）對美國國土安全部（DHS）提起訴訟。已依據《資訊自由法案》（FOIA）對美國國土安全部（DHS）提起訴訟。這次4 月7 日提起的法律訴訟，旨在揭露美國政府可能掌握的比特幣神秘創始人中本聰身分資訊。 Murphy 稱，訴訟起因是2019 年一場金融情報會議上的發言。會上，有國土安全部官員宣稱已查明中本聰身份，並在加州與其面談，當時另有三位比特幣開發者在場。 Murphy 現欲取得國土安全部相關內部文件、郵件及筆記，以核實該面談是否屬實。他認為，若面談真實發生，必會留下書面紀錄，此一訴訟意在將這些記錄公諸於世。同時，Murphy 呼籲國土安全部長Christy Noem 自願公開資訊。若國土安全部拒絕，他表示將堅持訴訟，直至真相大白。,2025-04-08 19:15:56,https://www.odaily.news/zhtw/newsflash/426294,newsflashes,426294
以太坊跌破“實現價格”，回測歷史或進入長線投資者策略累積區間,Odaily星球日報訊 Cryptoquant 分析師theKriptolik 發布分析指出，以太坊已跌破其2300 美元左右的“實現價格”，“實現價格”（Realized Price）是每枚以太坊通過區塊鏈最後一次轉移時的價格，是重新計算加密貨幣市場價值的指標之一，所有交易價格的平均值即為實現價格。相較於目前市價，它能更真實反映投資人的平均持股成本，這項指標通常形成關鍵支撐位或阻力位。當ETH 跌破實現價格，意味著多數持幣者處於浮虧狀態。在市場恐慌時期（如當下）極易觸發「割肉式」拋售。若大規模拋售發生則標誌著「投降階段」開啟，投資人信心出現集體崩潰。歷史數據顯示跌破實現價格通常出現在重大下跌趨勢的尾聲。鏈上數據顯示ETH 價格跌破實現價格時有80%機率出現在長期底部區域，後續6 個月內平均反彈幅度達217%，同時跌破實現價格也被歷史證明是長線投資者的策略累積區間。短期來看以太坊跌破實現價格反映市場陷入恐慌，但從歷史週期維度分析，當前價位可能正構築難得的黃金坑。,2025-04-08 19:02:17,https://www.odaily.news/zhtw/newsflash/426291,newsflashes,426291
"ARK Invest昨日增持1,320萬美元的COIN並出售1,200萬美元的ARKB","Odaily星球日報訊 Cathie Wood 的投資公司ARK Invest 昨天出售了價值1,200 萬美元的ARK 21Shares 比特幣ETF ARKB，同時購買了價值1,320 萬美元的COIN 。自從美國總統唐納德·川普於4 月2 日宣布新的貿易關稅以來，ARK 已購買了價值2,660 萬美元的Coinbase （COIN）股票。 （Cointelegraph）",2025-04-08 17:54:49,https://www.odaily.news/zhtw/newsflash/426286,newsflashes,426286
分析師：比特幣當前的下跌更具韌性,Odaily星球日報訊 伯恩斯坦分析師認為，比特幣目前的下跌比以往危機期間的下跌更具韌性。分析師引用歷史數據指出，在過去的危機時期（例如新冠疫情引發的市場恐慌、利率衝擊等），這種最重要的加密貨幣曾經出現50%至70%的跌幅。 「目前的價格走勢（下跌26%）表明，更具韌性的資本對比特幣的需求。分析師認為，比特幣價格作為風險傾向的領先指標，不會削弱其作為數字領域價值存儲手段的長期優異表現。從時間尺度來看，比特幣是概率上的黃金，「它的交易方式是波動性更高、流動性更強的黃金。 」（The Block）,2025-04-08 17:46:09,https://www.odaily.news/zhtw/newsflash/426285,newsflashes,426285
Riot Platforms前副總裁推出專注於比特幣抵押結構化融資的新公司,Odaily星球日報訊 Pierre Rochard 於4 月7 日宣布成立一家專注於比特幣抵押結構化融資的新公司——比特幣債券公司（The Bitcoin Bond Company），目標是在2046 年前代表客戶收購價值1 兆美元的比特幣。 Rochard 曾擔任Riot Platforms 的研究副總裁，他將擔任這家新比特幣企業的執行長。該公司計劃透過受監管的結構化產品框架與第三方託管服務，搭建機構投資者資金與比特幣之間的橋樑。 Rochard 進一步介紹了此次發布的時間和動機，並指出，自首次接觸比特幣以來，成立比特幣抵押證券化公司的構想便在他腦海中醞釀，這與他在資產支持金融領域的背景自然契合。 （Cryptoslate）,2025-04-08 17:39:48,https://www.odaily.news/zhtw/newsflash/426283,newsflashes,426283
Matrixport市場觀察：短期市場情緒波動劇烈，BTC暫守79k支撐位,,2025-04-08 16:52:43,https://www.odaily.news/zhtw/post/5202834,posts,5202834
BTC跌破79000 USDT，24H漲幅收窄至3.32%,"Odaily星球日報訊 OKX 行情顯示，BTC 跌破79,000 USDT，現報78986 USDT，24H 漲幅收窄至3.32%。 （本條快訊由AI輔助生成）",2025-04-08 16:25:00,https://www.odaily.news/zhtw/newsflash/426272,newsflashes,426272
以太坊基金會2小時前再次向多簽地址轉移1000枚ETH ，約合158萬美元,Odaily星球日報訊 根據鏈上分析師Ai 阿姨監測，以太坊基金會於2 小時前再次向多簽地址“0x4e6...03cB6”轉移1000 枚ETH ，價值158 萬美元，該地址用於資助資金分發，自2021 年5 月以來已累計轉出12150 枚ETH，總價值2530 萬美元。,2025-04-08 16:09:25,https://www.odaily.news/zhtw/newsflash/426270,newsflashes,426270
Cboe計劃與FTSE Russell合作推出新的比特幣期貨，若獲準將在4月28日開始交易,Odaily星球日報訊 根據芝加哥選擇權交易所（Cboe）的加密部門Cboe Digital 消息，其計劃於4 月28 日推出新的比特幣期貨產品，前提是獲得監管機構批准。此次與FTSE Russell 合作推出的期貨產品將於每月最後一個工作天結算。該期貨合約為現金結算，基於XBTF 指數，該指數反映FTSE 比特幣指數價值的1/10。 若獲得監管機構的批准，該期貨將於4 月28 日開始交易。 （CoinDesk）,2025-04-08 16:02:11,https://www.odaily.news/zhtw/newsflash/426269,newsflashes,426269
Matrixport：RMB匯率逼近關鍵阻力位，比特幣或迎新一輪上漲,"Odaily星球日報訊 Matrixport 發布今日圖表稱，2015 年，RMB 貶值後，比特幣一度遭遇拋售，但年底時卻強勢反彈，全年收漲。目前我們可能會看到類似的情境重演，而這個判斷與我們18 個月前對黃金的看多觀點形成呼應。 目前，美元兌RMB （USDCNY）匯率有望突破關鍵技術阻力位，這與我們當初對黃金「被人為壓抑、蓄勢待發」的判斷高度相似，或預示比特幣也即將迎來快速上漲。 此外，USDCNY 與美國10 年期公債殖利率之間的相關性也值得關注。儘管近期美債殖利率有所下行，但若出現快速反彈，可能在短期內對比特幣的上行動能構成一定壓力。
",2025-04-08 15:02:32,https://www.odaily.news/zhtw/newsflash/426264,newsflashes,426264
BitMart行情報告：市場情緒依舊低迷，資金市場後市看跌情緒嚴重,"Odaily星球日報訊 根據BitMart 4 月8 日市場行情報告，加密貨幣市場總市值2.52 兆美元，較前一天上漲3.4%。 BTC 日內波動加大，短暫觸及75,000 美元後回升至80,000 美元上方；ETH 在鏈上巨鯨大額清算後一度下跌至1,400 美元附近，隨後跟隨大盤上漲重回1,600 美元，ETHD 今報7.5%，這一數據創近4 年依多山幣普遍弱，但市場低低。
",2025-04-08 14:53:45,https://www.odaily.news/zhtw/newsflash/426263,newsflashes,426263
以太坊跌破1500美元，V神怎麼看？,,2025-04-08 14:46:15,https://www.odaily.news/zhtw/post/5202827,posts,5202827
Bitget CEO：關稅風險結束後比特幣仍是相對好的選擇，已加倉BTC,Odaily星球日報訊 Bitget 執行長Gracy Chen 引述評論摩根大通全球市場和投資策略主席Michael Cembalest 數據“每當市場大跌15%，閉眼買進SP500，歷史上有84%機率能賺，平均收益年化12%”，她表示川普關稅政策不可預測，風險結束後BTC 仍是相對好的選擇。此外，她還表示昨日已加倉BTC。,2025-04-08 13:36:14,https://www.odaily.news/zhtw/newsflash/426254,newsflashes,426254
"USDC Treasury於以太坊鏈銷毀約5,100萬枚USDC","Odaily星球日報訊 根據Whale Alert 監測，北京時間下午1:26 左右，USDC Treasury 於以太坊鏈銷毀5,100 萬枚USDC。",2025-04-08 13:35:11,https://www.odaily.news/zhtw/newsflash/426253,newsflashes,426253
星球午訊,"1. 分析：若4 月9 日貿易協定無法達成，市場情緒將再度崩潰； 2. 美媒：川普關稅嚇壞華爾街，部分捐款者拉攏共和黨議員向總統諫言； 3. Linea 產品負責人：將在市場由熊轉牛之後TGE； 4. Vitalik：四步加速L2 狀態確認BTC，目前價值約2,900 萬美元；6. Curve 創辦人持續高位套現，已累計拋售超300 萬枚CRV；7. 以太坊遠古巨鯨7 年後將2,000 枚ETH 轉入Kraken，獲利超過1,230 萬美元；虧損狀態； 10.比特幣現貨ETF 昨日總淨流出1.09 億美元，連續三日淨流出。
",2025-04-08 13:30:00,https://www.odaily.news/zhtw/newsflash/426251,newsflashes,426251
BTC跌破80000 USDT，24H漲幅收窄至4.29%,"Odaily星球日報訊 OKX 行情顯示，BTC 跌破80,000 USDT，現報79994.5 USDT，24H 漲幅收窄至4.29%。 （本條快訊由AI輔助生成）",2025-04-08 13:05:00,https://www.odaily.news/zhtw/newsflash/426250,newsflashes,426250
"以太坊遠古巨鯨7年後將2,000枚ETH轉入Kraken，獲利超過1,230萬美元","Odaily星球日報訊 一位以太坊遠古巨鯨在沉寂7 年後，向Kraken 存入了2,000 枚ETH（約311 萬美元）。這位OG 於2017 年11 月以每枚352 的價格購買了10,001 枚ETH，花費了352 萬美元，儘管ETH 在上一個牛市期間曾攀升至4,878 美元，他始終沒有賣出。目前，他的利潤已超過1,230 萬美元，而在高峰時未實現的利潤一度達到4,500 萬美元。",2025-04-08 12:26:48,https://www.odaily.news/zhtw/newsflash/426247,newsflashes,426247
數據：目前25.8%的比特幣供應量處於虧損狀態,"Odaily星球日報訊 根據CryptoQuant 的數據，目前有25.8%的比特幣供應量（5,124,348BTC）處於虧損狀態。
",2025-04-08 12:07:30,https://www.odaily.news/zhtw/newsflash/426243,newsflashes,426243
比特幣現貨ETF昨日總淨流出1.09億美元，連續三日淨流出,"Odaily星球日報訊 根據SoSoValue 數據，昨日（美國東部時間4 月7 日）比特幣現貨ETF 總淨流出1.09 億美元。 昨日單日淨流出最多的比特幣現貨ETF 為灰階比特幣ETF GBTC，單日淨流出為7,400.68 萬美元，目前GBTC 歷史總淨流出量達226.95 億美元。 其次為Invesco 和Galaxy Digital 的ETF BTCO，單日淨流出量為1,286.06 萬美元，目前BTCO 歷史總淨流入達8,532.39 萬美元。 截至發稿前，比特幣現貨ETF 總資產淨值為878.59 億美元，ETF 淨資產比率（市值較比特幣總市值佔比）達5.61%，歷史累計淨流入已達359.63 億美元。
",2025-04-08 12:03:41,https://www.odaily.news/zhtw/newsflash/426242,newsflashes,426242
以太幣現貨ETF昨日零流入,"Odaily星球日報訊 根據SoSoValue 數據，昨日（美國東部時間4 月7 日）九支以太坊現貨ETF 全天無一淨流入或淨流出，呈現零變動狀態。 截至發稿前，以太坊現貨ETF 總資產淨值為52.63 億美元，ETF 淨資產比率（市值較以太坊總市值佔比）達2.78%，歷史累計淨流入已達23.59 億美元。
",2025-04-08 11:54:04,https://www.odaily.news/zhtw/newsflash/426241,newsflashes,426241
加密市場下挫後回升，AI板塊領漲7.62%，BTC一度升破8.1萬美元,"Odaily星球日報訊 根據SoSoValue 數據，加密市場在昨日下挫後普遍迎來回升，AI 板塊領漲7.62%，板塊內Render（RENDER） 、Bittensor（TAO） 、Fartcoin （FARTCOIN） 24 小時分別上漲9.39%、12.85%、27.69%。此外，Bitcoin （BTC）經歷較大波動，跌破7.5 萬美元後又一度回升至8.1 萬美元上方，24 小時上漲1.97%。 Ethereum （ETH）上漲0.32%，重返1600 美元上方。 其他板塊方面，SocialFi 板塊24 小時上漲6.96%，板塊內，Toncoin（TON）上漲7.77%；DeFi 板塊上漲4.07%，Chainlink（LINK）、Ondo Finance（ONDO）、Sky（SKY）分別上漲5.05%、5.22%、10.03%；Layer2 板塊上漲3.44%，ex-MATIC（POL）、Celestia（TIA）分別上漲5.48%、6.44%；Meme 板塊上漲2.78%，Dogecoin（DOGE）、Pepe（PEPE）分別上漲3.22%、4.94%；Layer1 板塊上漲2.47%，Solana（SOL）上漲5.54%，Hyperliquid（HYPE）上漲17.21%；CeFi 板塊上漲0.81%，PayFi 板塊上漲0.17%。 同時，反映板塊歷史行情的加密板塊指數顯示，ssiAI、ssiSocialFi、ssiRWA 指數24 小時分別上漲8.38%、6.82%、5.38%。
",2025-04-08 11:02:39,https://www.odaily.news/zhtw/newsflash/426237,newsflashes,426237
一地址沉睡10年後轉出365枚BTC，目前價值約2900萬美元,"Odaily星球日報訊 根據Lookonchain 監測，一錢包地址在沉寂10 年後，近日轉出其所持有的全部365 枚比特幣，目前價值約2,900 萬美元。 該地址於10 年前收到這批BTC，當時比特幣價格僅284 美元",2025-04-08 10:51:01,https://www.odaily.news/zhtw/newsflash/426235,newsflashes,426235
Vitalik：四步驟加速L2狀態確認，長期目標是12秒實現L1和L2間原生同步通訊,"Odaily星球日報訊 4 月8 日，在香港「Web3 學者高峰會2025」上，以太坊創辦人Vitalik Buterin 發表演說。他表示，OP 和ARB 需要一週時間確認提款狀態，雖然用戶可以用即時性的橋，但很貴，所以我們需要加速L2 確認時長，以及一個更整合統一的以太坊系統。如何實現這項目標？第一步是ZK+TEE+OP「三選二式」設計，實現起來需30 天升級視窗期；第二步是藉助L1SLOAD，一段支援L2 不過度先行地異步讀取L1 的操作碼；第三步是證明整合，與其分別確認鏈上狀態，不妨驗證者都向一個整合器提交證明；第四步是低延遲驗證者。 以太坊的長期目標是在12 秒左右實現L1 和L2 間原生同步通訊。
",2025-04-08 10:47:14,https://www.odaily.news/zhtw/newsflash/426234,newsflashes,426234
ETH突破1600 USDT，24H漲幅0.19%,Odaily星球日報訊 OKX 行情顯示，ETH 突破1600 USDT，現報1600.42 USDT，24H 漲幅0.19%。 （本條快訊由AI輔助生成）,2025-04-08 10:08:00,https://www.odaily.news/zhtw/newsflash/426229,newsflashes,426229
24H熱門幣種與要聞| 川普重申不會暫停關稅政策；BTC一度跌破7.5萬美元（4.8）,,2025-04-08 09:16:50,https://www.odaily.news/zhtw/post/5202813,posts,5202813
BTC跌破79000 USDT，24H漲幅收窄至0.8%,"Odaily星球日報訊 OKX 行情顯示，BTC 跌破79,000 USDT，現報78999.1 USDT，24H 漲幅收窄至0.8%。 （本條快訊由AI輔助生成）",2025-04-08 08:59:00,https://www.odaily.news/zhtw/newsflash/426219,newsflashes,426219
彭博分析師：比特幣或跌至1萬美元，市場需經歷徹底“重置”,"Odaily星球日報訊 彭博高級策略師Mike McGlone 在受訪時表示，受全球市場持續拋售及估值過高影響，比特幣或將大幅下跌至1 萬美元。他指出，包括狗狗幣在內的加密資產存在嚴重泡沫，整個產業需要像當年網路泡沫破裂時那樣被「淨化」。 McGlone 警告稱，當前比特幣“數位黃金”的敘事正遭遇壓力測試，ETF 投資者正在“以痛苦的方式學習”，他們買入的並非黃金，而是高波動的槓桿資產。他認為，市場重置不可避免，投資者應為長期修復而非快速反彈做好準備。 （Cointelegraph）
",2025-04-08 08:26:24,https://www.odaily.news/zhtw/newsflash/426215,newsflashes,426215
分析：比特幣目前回檔幅度已達26.6%，或為本輪多頭最大跌幅,"Odaily星球日報訊 CryptoQuant 研究主管Julio Moreno 表示，比特幣從10.95 萬美元高點回檔至今已達26.6%，接近本輪多頭最大跌幅。儘管尚不及2022 年（-73%）和2018 年（-83%）的熊市，但分析機構ecoinometrics 指出，在納指同比持平的背景下，BTC 反彈難度加大，回調風險仍存。 受此影響，Strategy 於3 月31 日至4 月6 日未增持BTC，目前總投入356.5 億美元，僅實現17%回報。此外，BTC 若本週收在50 週EMA 均線下方，或預示熊市開啟，目前關鍵支撐位為6.5 萬至6.9 萬美元區間。
",2025-04-08 08:20:53,https://www.odaily.news/zhtw/newsflash/426214,newsflashes,426214
加密律師起訴美國國土安全部，要求披露中本聰身份相關會議信息,Odaily星球日報訊 加密貨幣律師James Murphy 已援引《資訊自由法案》起訴美國國土安全部（DHS），要求披露該機構是否曾與「比特幣創始人中本聰」會面，並公開相關筆記和郵件。訴訟依據為DHS 特工Rana Saoud 在2019 年一場會議上的言論，她表示幾位DHS 同事曾在加州會見四位參與創建比特幣的人，並詢問其動機及比特幣的最終目標。 Murphy 表示，若會議確實發生，應有紀錄可查，並承諾「將案件追查到底」。該案由前美國助理檢察官Brian Field 協助處理，目標是推動政府透明度。目前，中本聰真實身分仍未揭曉，社群對是否應公開其身分仍存爭議。,2025-04-08 08:16:52,https://www.odaily.news/zhtw/newsflash/426213,newsflashes,426213
MSTR上週未增加BTC，預計Q1持股浮虧近60億美元,"Odaily星球日報訊 MicroStrategy 在3 月31 日至4 月6 日期間未增持BTC，目前持倉維持在528,185 枚。由於新會計準則要求加密資產按市值計價，公司預計將因BTC 持股在第一季錄得59.1 億美元未實現虧損，稅收抵扣後淨虧損約為42.2 億美元。此外，該公司第一季共融資76.9 億美元，其中44 億美元來自普通股發行，剩餘來自優先股，幾乎全部用於在高於當前價格的水平買入BTC。其BTC 持倉均價已升至67,500 美元，目前約僅浮盈14%。 MSTR 股價週一盤初下跌9%，年內跌幅達10%，但年比仍上漲77%。 （CoinDesk）",2025-04-08 08:10:19,https://www.odaily.news/zhtw/newsflash/426212,newsflashes,426212
"某鯨魚過去1個月已累積增加13,075枚ETH，價值2,327萬美元","Odaily星球日報訊 根據The Data Nerd 監測，儘管有些鯨魚/ KOL 對ETH 持負面態度，但鯨魚0x5fA 在過去的一個月內已累積增持13,075 枚ETH，價值2327 萬美元，均價為1780 美元。",2025-04-07 23:38:58,https://www.odaily.news/zhtw/newsflash/426195,newsflashes,426195
Metaplanet：先前發行的20億日圓第九期普通債券已提前贖回並全額償還,"Odaily星球日報訊 Metaplanet 宣布先前發行的20 億日圓（1,350 萬美元）第九期普通債券已於4 月4 日提前贖回並全額償還，據悉該公司於4 月7 日披露了這一消息。這些零息債券於3 月透過Metaplanet 的Evo 基金發行，用於收購額外的比特幣（BTC，價格78,509 美元）。該公司表示，由於這些債券為零息債券，因此償還不會對該公司2025 財年的業績產生重大影響。 （Cointelegraph）",2025-04-07 23:29:00,https://www.odaily.news/zhtw/newsflash/426193,newsflashes,426193
某個或屬於The Spartan Group的錢包6小時前向CEX存入3500枚ETH,Odaily星球日報訊 根據The Data Nerd 監測，某個或屬於The Spartan Group 的錢包6 小時前向幣安和Coinbase 存入3500 枚ETH，價值522 萬美元。,2025-04-07 22:53:14,https://www.odaily.news/zhtw/newsflash/426189,newsflashes,426189
Sats Terminal完成170萬美元Pre-Seed輪融資，Coinbase Ventures等領投,Odaily星球日報訊 比特幣去中心化聚合協議Sats Terminal 完成170 萬美元Pre-Seed 輪融資，Coinbase Ventures 和Draper Associates 領投，Draper Dragon、BitcoinFi Accelerator、UTXO Management、Core Chain Ventures、Sats Ventures、Delta Blockchain Fund、Tenzor Capitals Fund是讓比特幣原生DeFi 產品更加直覺和互聯。 （The Block）,2025-04-07 22:49:25,https://www.odaily.news/zhtw/newsflash/426187,newsflashes,426187
Gate.io Launchpool上線Project Ailey (ALE),"Odaily星球日報訊 Gate.io 將於4 月8 日14:00 至4 月18 日14:00 （UTC+8）開啟ALE 質押挖礦，質押ETH、ALE 參與Launchpool 即可免費瓜分92,594 ALE 空投。其中，ETH 礦池預期年化達18.25%，ALE 礦池預期年化達412.34%。現已開放提前質押。
",2025-04-07 22:25:34,https://www.odaily.news/zhtw/newsflash/426182,newsflashes,426182
BTC反彈突破81000 USDT，24H跌幅收窄至1.82%,Odaily星球日報訊 OKX 行情顯示，BTC 反彈突破81000 USDT，現報81001.3 USDT，24H 跌幅收窄至1.82%。 （本條快訊由AI輔助生成）,2025-04-07 22:17:00,https://www.odaily.news/zhtw/newsflash/426179,newsflashes,426179
ETH反彈突破1600 USDT，24H跌幅收窄至8.82%,Odaily星球日報訊 OKX 行情顯示，ETH 反彈突破1600 USDT，現報1600.14 USDT，24H 跌幅收窄至8.82%。 （本條快訊由AI輔助生成）,2025-04-07 22:16:00,https://www.odaily.news/zhtw/newsflash/426177,newsflashes,426177
BTC反彈突破80000 USDT，24H跌幅收窄至3.18%,Odaily星球日報訊 OKX 行情顯示，BTC 反彈突破80000 USDT，現報80007.1 USDT，24H 跌幅收窄至3.18%。 （本條快訊由AI輔助生成）,2025-04-07 22:13:00,https://www.odaily.news/zhtw/newsflash/426175,newsflashes,426175
BTC反彈突破79000 USDT，24H跌幅收窄至4.27%,Odaily星球日報訊 OKX 行情顯示，BTC 反彈突破79000 USDT，現報79002.3 USDT，24H 跌幅收窄至4.27%。 （本條快訊由AI輔助生成）,2025-04-07 22:10:00,https://www.odaily.news/zhtw/newsflash/426174,newsflashes,426174
BTC反彈突破78000 USDT，24H跌幅收窄至5.22%,"Odaily星球日報訊 OKX 行情顯示，BTC 反彈突破78,000 USDT，現報78020.5 USDT，24H 跌幅收窄至5.22%。 （本條快訊由AI輔助生成）",2025-04-07 21:56:00,https://www.odaily.news/zhtw/newsflash/426169,newsflashes,426169
iShares以太坊信託下跌17.8%，比特幣信託下跌9.8%,Odaily星球日報訊 美股加密貨幣股隨著大盤拋售而下跌，iShares 比特幣信託下跌9.8%，iShares 以太幣信託下跌17.8%。 （金十）,2025-04-07 21:48:57,https://www.odaily.news/zhtw/newsflash/426166,newsflashes,426166
 CryptoQuant：ETH下一個關鍵支撐位或在1290美元附近,"Odaily星球日報訊 CryptoQuant 分析師MAC.D 在X平台發文表示，”以太坊持有者的平均成本為2,200 美元。下一個主要支撐位大約在1,290 美元，該價格是持有超過10 萬枚ETH 鯨魚們的平均成本。“",2025-04-07 21:48:46,https://www.odaily.news/zhtw/newsflash/426165,newsflashes,426165
BTC跌破76000 USDT,"Odaily星球日報訊 OKX 行情資料顯示，BTC 跌破76,000 USDT，現報75999.6 USDT，24H 跌幅7.87%。 （本條快訊由AI輔助生成）",2025-04-07 21:42:00,https://www.odaily.news/zhtw/newsflash/426164,newsflashes,426164
Glassnode：比特幣在7.4萬美元區間盤整，跌勢或將略有放緩,"Odaily星球日報訊 Glassnode 在X 平台發文表示，目前比特幣似乎在74,000 美元處找到了支撐。約5 萬枚BTC 的持股成本集中在74,200 美元。鏈上數據顯示，這部分持股主要由活躍於近5 個月的投資人持有，他們穩定提高持倉成本，直到3 月10 日，此後便一直按兵不動。 從此處開始，跌勢可能會略有放緩，在74,000 美元至70,000 美元之間，總共有約175,000 枚BTC 處於持倉成本集群中。這一區間內最大的單一水準是71,600 美元，持有約41,000 枚$BTC。下一個更堅實的支撐位在69,900 美元，此處持有約68,000 枚BTC。 69,000 美元區間與短期持有者成本基礎的-1 標準差重合，該指標在1 月被Glassnode 分析師定義為牛市短期價格波動下沿。
",2025-04-07 21:12:20,https://www.odaily.news/zhtw/newsflash/426157,newsflashes,426157
Bitfinex報告：對第二季比特幣表現仍持樂觀態度,Odaily星球日報訊 Bitfinex 發布報告指出，儘管BTC/SP 500 比率飆升至歷史高點的5%以內，表明相對強勢，但市場現在已經出現拋售。股市正在嚴重超賣，短期的反彈可能會在中期內壓縮這一價差。然而，短期融資和未平倉合約趨勢也顯示BTC 即將出現波動。儘管如此，從結構上看，似乎正在為第二季度後期的出色表現奠定基礎。隨著宏觀波動降溫、ETF 資金流入恢復以及主權敘事重新出現，比特幣可能會進一步與股票脫鉤，並重新奪回全球風險資產的領導地位。,2025-04-07 21:00:13,https://www.odaily.news/zhtw/newsflash/426155,newsflashes,426155
IntoTheBlock：目前比特幣重要支撐區域在6.9萬美元,"Odaily星球日報訊 IntoTheBlock 在X 平台發文表示，對於目前比特幣最重要的支撐區域而言，69,000 美元左右至關重要，歷史上有122 萬個地址在這個價格區域購買了超過464,000 枚比特幣。",2025-04-07 20:41:54,https://www.odaily.news/zhtw/newsflash/426153,newsflashes,426153
Strategy今年第一季數位資產未實現損失達59.1億美元,"Odaily星球日報訊 根據市場消息：Strategy（原MicroStrategy）2025 年底第一季的數位資產未實現損失達59.1 億美元，截至3 月31 日未償還債務為82.2 億美元，該公司第一季購買了80,715 枚比特幣，價值76.6 億美元，平均每94,922 美元。",2025-04-07 20:10:32,https://www.odaily.news/zhtw/newsflash/426149,newsflashes,426149
Strategy上週沒有增加比特幣,"Odaily星球日報訊 根據市場消息：Strategy（原MicroStrategy）在3 月31 日至4 月6 日期間沒有增加比特幣。 根據Saylortracker 數據，Strategy 目前比特幣持股為5,28,185 枚，價值約405.2 億美元。",2025-04-07 20:03:59,https://www.odaily.news/zhtw/newsflash/426147,newsflashes,426147
Tether或將專門在美國本土市場推出一種新穩定幣,Odaily星球日報訊 根據英國《金融時報》披露，穩定幣USDT 的發行商Tether 可能會專門針對美國推出一種新代幣，Tether 首席執行官Paolo Ardoino 接受采訪時表示，該公司一直參與有關美國穩定幣規則的討論，並且可能會創建一種僅針對美國的代幣，具體取決於這些討論的進展情況。 Paolo Ardoino 表示，川普政府將穩定幣視為“美國的重要工具”，如果引入新規則使（美國）穩定幣具有競爭力，Tether 可能會有興趣創建一種“美國本土”穩定幣，基本上會是一種“結算型貨幣”。 （CoinDesk）,2025-04-07 19:40:14,https://www.odaily.news/zhtw/newsflash/426142,newsflashes,426142
"渣打：市場拋售或將消退，目前BTC關鍵支撐位在76,500美元","Odaily星球日報訊 渣打銀行表示隨著「美國孤立主義」跡象開始影響市場情緒，比特幣可能受益於關稅風險的上升，其數位資產研究全球主管Geoffrey Kendrick 表示，美國的孤立主義類似於持有法定貨幣的風險增加，最終將使比特幣風險的上升，其數位資產研究全球主管Geoffrey Kendrick 表示，美國的孤立主義類似於持有法定貨幣的風險增加，最終將使比特幣風險的上升，目前76,500 美元是關鍵支撐位，最近的市場拋售引發加密貨幣價格走低（CoinDesk）
",2025-04-07 19:31:50,https://www.odaily.news/zhtw/newsflash/426140,newsflashes,426140
BTC跌破77000 USDT,"Odaily星球日報訊 OKX 行情資料顯示，BTC 跌破77,000 USDT，現報76985.9 USDT，24H 跌幅7.06%。 （本條快訊由AI輔助生成）",2025-04-07 18:53:00,https://www.odaily.news/zhtw/newsflash/426135,newsflashes,426135
Hyperliquid上50倍槓桿巨鯨已平倉其ETH多單，並將約640萬枚USDC提回Arbitrum,Odaily星球日報訊 根據Hyperrscan 數據，Hyperliquid 上50 倍槓桿巨鯨已平倉其ETH 多單，並將6395256.49 枚USDC 提回Arbitrum。,2025-04-07 18:46:28,https://www.odaily.news/zhtw/newsflash/426133,newsflashes,426133
QCP Capital：全球貿易戰愈演愈烈，風險資產市場極度恐慌,Odaily星球日報訊 QCP Capital 發文表示，隨著全球貿易戰愈演愈烈，市場陷入動盪。儘管上周美國股市已承受重壓，但比特幣在周末基本上不受太大影響。然而，這種韌性並未持續太久。在亞洲交易時段早盤，加密貨幣暴跌，比特幣跌破8 萬美元，並急劇下挫至7.45 萬美元的低點。光是過去24 小時內，比特幣和以太坊的清算金額就超過8 億美元。隨著市場持續陷入修正區域，比特幣和以太坊週五的隱含波動率分別飆升至85%和130%以上，市場紛紛尋求對沖下行風險。恐慌指數（VIX）飆升至60 以上，顯示風險資產市場極度恐慌。距離4 月9 日提高關稅措施實施僅剩兩天，全球經濟正處於全面經濟戰爭的邊緣。 值得注意的是，川普的「全力以赴」似乎正在引發各方回應，有報告指出已有50 多個國家主動尋求開啟貿易談判。然而當各國爭相尋求談判席次時，市場緊張情緒恐將持續。毫無退讓之意的川普總統表示，他不希望股市下跌，但有時必須服藥治病。若週三前未能取得實質進展，對美國經濟信心與信譽的考驗，對全球市場乃至川普本人而言，都可能成為一劑難以下嚥的苦藥。,2025-04-07 18:26:38,https://www.odaily.news/zhtw/newsflash/426131,newsflashes,426131
某鯨魚向Hyperliquid存入500萬枚USDC並建倉BTC多單，開倉價77231美元,"Odaily星球日報訊 根據Onchain Lens 監測，某位鯨魚剛剛向Hyperliquid 存入500 萬枚USDC，並以20 倍槓桿在77,231 美元的價格建立了BTC 多單。

",2025-04-07 18:24:27,https://www.odaily.news/zhtw/newsflash/426130,newsflashes,426130
Bitget研究院：比特幣礦工成本區間60000–65000美元，或構成關鍵支撐,"Odaily星球日報訊 Bitget Research 首席分析師Ryan Lee 指出，受關稅政策不確定性、美債殖利率走高等因素影響，加密市場波動加劇，BTC 短期在68,000–85,000 美元區間震盪，ETH 面臨1,550 美元支撐考驗，若跌破恐引發約4.8 億美元清算。 從結構性角度來看，多數礦工多使用ASIC 設備進行挖礦，其單位算力成本相對較低，BTC 的平均挖礦成本約為60,000–65,000 美元，構成了價格的重要底部支撐區域。同時，ETH 鏈上活躍度持續低迷，Gas 費用維持在低位，反映出用戶參與度走弱，整體市場情緒仍較為脆弱。 在宏觀逆風持續影響風險資產的背景下，加密市場的短期走勢將取決於投資者如何解讀政策變化與全球流動性環境。未來幾週或成為市場方向變化的關鍵觀察期。
",2025-04-07 18:09:14,https://www.odaily.news/zhtw/newsflash/426127,newsflashes,426127
OKX全球商務長Lennix：比特幣正在成為更透明、可靠的儲備資產,Odaily星球日報訊 OKX 全球商務長Lennix 受邀出席「2025 香港Web3 嘉年華」高峰會，並參與「Bitcoin as the Next Global Reserve Asset」主題圓桌討論。 Lennix 在討論中表示，隨著全球貿易戰和關稅的不斷變化，尤其在美國對其他國家實施的關稅政策的影響下，比特幣正逐漸被視為更透明、可靠的儲備資產。能夠幫助應對由於關稅帶來的貨幣貶值和其他經濟衝擊。此外，Lennix 也提到，如果美國政府開始實際將比特幣納入戰略儲備，全球範圍內的市場參與者可能會重新評估比特幣作為儲備資產的潛力，進而加速比特幣成為下一代央行儲備金資產。,2025-04-07 17:52:50,https://www.odaily.news/zhtw/newsflash/426125,newsflashes,426125
Arthur Hayes：今日一直在建倉比特幣，並將持續買入,Odaily星球日報訊 BitMEX 聯創Arthur Hayes 發文表示，“今天一直在慢慢買入BTC，並將繼續買入。山寨幣正在接近我們的進場區間，但我認為比特幣的主導地位將持續接近70%。所以我們並不會在山寨幣超市里大肆購買。”,2025-04-07 17:37:39,https://www.odaily.news/zhtw/newsflash/426123,newsflashes,426123
以太坊創辦人Vitalik Buterin確認出席“Web3學者高峰會2025”,"Odaily星球日報訊 以太坊創辦人Vitalik Buterin 證實將出席第三屆於4 月8 日在香港舉辦的Web3 學者高峰會。 DRK Lab 將於4 月8 日聯合RCBT of PolyU 在香港會議展覽中心5BCDE 分會場二舉辦Web3 學者高峰會「WSC 2025」。 Web3 學者高峰會主要關注區塊鏈生態系統內的技術和組織形態創新，包括但不限於安全性、密碼學、加密經濟學、分散式AI、應用、DAO 與組織形態研究等，旨在促進Web3 產業發展創新，增加產業學者、研究者和從業者之間的合作交流。
",2025-04-07 17:21:10,https://www.odaily.news/zhtw/newsflash/426122,newsflashes,426122
"GMX v1上某地址比特幣部位被清算產生超1,300萬美元費用，30%將用於回購GMX","Odaily星球日報訊 根據Sigma Squared 監測，在GMX v1 上，一筆舊的比特幣部位被清算，產生了超過1,300 萬美元的費用（借貸費用），30%的收取費用將用於回購GMX。",2025-04-07 16:58:11,https://www.odaily.news/zhtw/newsflash/426119,newsflashes,426119
Hyperliquid上50倍槓桿巨鯨ETH多單現已浮上近200萬美元,Odaily星球日報訊 Hypurrscan 數據顯示，Hyperliquid 上50 倍槓桿巨鯨ETH 多單現已浮196 萬美元。,2025-04-07 16:43:06,https://www.odaily.news/zhtw/newsflash/426118,newsflashes,426118
ETH的MVRV指標已降至0.87，創2022年12月以來新低,Odaily星球日報訊 根據IntoTheBlock 披露，以太坊的市值與實現值比率（MVRV）已降至0.87，為2022 年12 月以來的最低水準。 MVRV 是衡量加密資產市場情緒的重要指標，目前數值或顯示ETH 處於相對低估區間。,2025-04-07 16:33:58,https://www.odaily.news/zhtw/newsflash/426117,newsflashes,426117
交易員Eugene：7.5萬美元時已建倉比特幣現貨，準備繼續囤積並長期持有,Odaily星球日報訊 交易員Eugene Ng Ah Sio 在個人頻道發文表示，「今天在比特幣7.5 萬美元時，我買入了第一批現貨BTC，這是自1 月我們清倉所有主要頭寸以來的第一次。絕不是想說這就是底部，但我認為我們正在接近一個讓我願意長期積累比特幣的價格水平。反方正值也達到了恐慌你在網上看到的情況如此，但在大多數情況下，即使我們最終下行，市場也不會一直跌下去。,2025-04-07 16:23:34,https://www.odaily.news/zhtw/newsflash/426114,newsflashes,426114
DWF Labs合夥人：正在逐步逢低買入，行情或在一兩週後明朗,Odaily星球日報訊 DWF Labs 合夥人Andrei Grachev 在X 發文表示，如果各國向美國提供零關稅協議，美聯儲可能會選擇降息，然後我們將看到股票和加密貨幣出現上漲；如果美聯儲開啟“印鈔模式”，比特幣可能會再創歷史新高，這些事情將在一兩週後明朗。 Andrei Grachev 補充說：“有現金嗎？現在是好時機，我們正在慢慢買入。”,2025-04-07 16:04:38,https://www.odaily.news/zhtw/newsflash/426111,newsflashes,426111
以太坊ICO時期25.49萬枚ETH巨鯨5分鐘前向Kraken充值7000枚ETH，約合1016萬美元,"Odaily星球日報訊 根據鏈上分析師Ai 阿姨監測，以太坊ICO 時期25.49 萬枚ETH 巨鯨時隔一個月再次活躍，15 分鐘前他向Kraken 充值7000 枚ETH（1016 萬美元），疑似拋售，其成本低至0.31 美元，目前仍持有23,069 ETH。",2025-04-07 15:59:58,https://www.odaily.news/zhtw/newsflash/426110,newsflashes,426110
LBank擴大品牌大使計畫陣容，攜手多位KOL共築全球成長引擎 ,"Odaily星球日報訊 繼成功攜手Crypto Rover、Wale 等10 位頂級KOL 開啟品牌生態合作後，LBank 今日宣布進一步擴大品牌大使計畫陣容，新增$SHIB KNIGHT、Bitcoin Buddha、GEM INSIDER 等6 位知名KOL。此次合作標誌著LBank 全球化策略的深化推進，品牌大使陣容已擴展至16 位產業標竿人物。 新增的6 位KOL 憑藉其在細分領域的深度影響力備受關注：MEME 賽道代表性人物$SHIB KNIGHT、比特幣生態佈道者Bitcoin Buddha、一級市場投研專家GEM INSIDER 等將共同助力LBank 覆蓋更廣泛用戶群。透過多元化的內容共創與生態連結，LBank 將進一步打通交易、投入研究與社群場景，推動平台使用者成長與生態繁榮。
",2025-04-07 15:46:02,https://www.odaily.news/zhtw/newsflash/426109,newsflashes,426109
某ETH鯨魚償還352萬DAI並存入10000枚ETH將清算價格降至1119.3美元,"Odaily星球日報訊 根據Lookonchain 監測，Maker 上擁有220,000 枚ETH（3.4 億美元）的鯨魚剛剛償還了352 萬DAI 並存入了10,000 枚ETH——清算價格降至1,119.3 美元。如果ETH 跌至1,119.3 美元，他的220,000 枚ETH（3.4 億美元）將被清算。",2025-04-07 15:42:35,https://www.odaily.news/zhtw/newsflash/426107,newsflashes,426107
UXLINK日韓Social Club Card(NFT) 3000ETH售罄，提前3天結束銷售,"Odaily星球日報訊 UXLINK 在官方X 平台宣布，其針對韓國和日本社群發行的Social Club Card 提前3 天結束銷售，3000ETH 已全部售罄。因技術原因導致超售的34.3ETH 將全額退款，並將補償用戶UXLINK（Elite Card 每個補償100 個UXLINK，Gold Card 每個補償10 個UXLINK）。 UXLINK 社群負責人表示，作為總部位於日本東京，輻射全球的Web3 社交平台，我們獲得了日本和韓國社區的大力支持，本次Social Club Card 發行大獲成功，非常感謝當地用戶，未來我們將考慮在其他地區發行類似的Social Club Card，並將和持卡人以及全球社區一起共建UXLINK Web3 超級社交平台。
",2025-04-07 15:40:17,https://www.odaily.news/zhtw/newsflash/426106,newsflashes,426106
Hyperliquid上50倍槓桿巨鯨15分鐘前將300萬USDC轉進Hyperliquid並開啟20倍槓桿ETH多單，爆倉價1399美元,"Odaily星球日報訊 根據鏈上分析師餘燼監測，Hyperliquid 上50 倍槓桿巨鯨在15 分鐘前將300 萬USDC 轉進Hyperliquid 作為保證金，以1,461.6 美元價格開多了3.28 萬枚ETH，倉位價值4762 萬美元，爆倉價1399 美元。",2025-04-07 15:36:46,https://www.odaily.news/zhtw/newsflash/426105,newsflashes,426105
ZKasino Rug地址平倉20倍槓桿ETH多單，虧損2710萬美元,Odaily星球日報訊 根據Onchain Lens 監測，ZkCasino Rug 地址在Hyperliquid 上平掉了其20 倍槓桿的ETH 倉位，累計虧損達2710 萬美元，此前其詐騙金額超過4000 萬美元。,2025-04-07 15:34:01,https://www.odaily.news/zhtw/newsflash/426104,newsflashes,426104
某位地址累計被清算6130枚WETH，價值約845萬美元,"Odaily星球日報訊 根據派盾監測，地址「0x3371...e01b」再次遭到清算，本次被扣押了1,650 枚WETH（約297 萬美元）。截至目前，該地址累計已清算6,130 枚WETH，總價值約845 萬美元。",2025-04-07 15:31:17,https://www.odaily.news/zhtw/newsflash/426103,newsflashes,426103
何一：歷史上出現過的泡沫太多，但泡沫之後會留下好的企業與創新,Odaily星球日報訊 幣安聯創何一在香港Web3 嘉年華表示，每次只要幣價波動，比特幣死亡的言論四起。歷史上出現過的泡沫太多，但不代表泡沫後，留不下好的企業和創新。工業革命時代，像黃飛鴻電影裡，年輕人曾拿長矛大刀阻止修鐵路；我小時候拿獎學金偷偷上網吧，大家會覺得這是壞孩子做的事，而現在互聯網被廣泛應用。每個新鮮事物誕生時，人們排斥，因為人性喜歡安全穩定。當國中本聰像鬥士、革命者一樣書寫比特幣白皮書，直到今日傳統領域對區塊鏈的誤解或區塊鏈是無政府主義。我們應該（在創新和傳統間）找到sweet point（甜蜜點），讓科技普惠大眾。傳統金融將發現區塊鏈技術更有效率、簡潔和優雅。此外，資訊有一個延遲的周期。當前外界對產業負面認知多，大眾停留在（Web3 是）龐氏騙局的印象。,2025-04-07 15:27:49,https://www.odaily.news/zhtw/newsflash/426101,newsflashes,426101
鏈上有超過44萬枚ETH的清算價格在1000美元以上,"Odaily星球日報訊 根據鏈上分析師餘燼監測，鏈上有超過44 萬枚ETH （6.4 億美元）的清算價格在1,000 美元以上，又主要集中在下面5 個巨鯨地址上： 53,074 ETH，借款4668 萬美元，清算價格1,495 美元； 24,690 ETH，2170 萬美元， ，清算價格1,172 美元； 100,394 ETH，借款7840 萬美元，清算價格1,132 美元； 55,000 ETH，借款3460 萬美元，清算價格1,070 美元。",2025-04-07 15:24:52,https://www.odaily.news/zhtw/newsflash/426099,newsflashes,426099
某提供4.36萬枚WETH和163.48枚wstETH並藉入5600萬枚穩定幣地址被清算,Odaily星球日報訊 根據派盾監測，某提供4.36 萬枚WETH，163.48 枚wstETH 並藉入5600 萬枚穩定幣地址被清算，在過去24 小時內，ETH 暴跌20%後，共計5000 枚WETH （價值約693 萬美元）被扣押。,2025-04-07 15:10:18,https://www.odaily.news/zhtw/newsflash/426093,newsflashes,426093
以太坊Gas費用升至101.467 Gwei,Odaily星球日報訊 根據Etherscan 數據，以太坊Gas 費用飆升，現報113.327 Gwei。,2025-04-07 15:06:32,https://www.odaily.news/zhtw/newsflash/426092,newsflashes,426092
Matrixport：比特幣面臨謹慎市場情緒與聯準會不確定性,"Odaily星球日報訊 Matrixport 發布今日圖表稱，儘管比特幣展現出強勁韌性，但重測其38.2%回檔位的可能性正日益上升。先前多次受阻的23.6%回檔位（約87,000 美元）已成為重要阻力位，尤其是在「避險」情緒升溫、川普最新關稅政策引發市場廣泛清算的背景下。 此外，美國消費者對通膨的擔憂加劇，加之聯準會主席鮑威爾暗示將維持當前利率立場，意味著比特幣短期內恐再度獲得寬鬆貨幣政策的強力支撐。
",2025-04-07 15:05:21,https://www.odaily.news/zhtw/newsflash/426091,newsflashes,426091
某鯨魚再次被清算996枚cWBTC，約154萬美元,"Odaily星球日報訊 根據Lookonchain 監測，隨著BTC 跌破75,000 美元，30 分鐘前，某鯨魚996 枚cWBTC（154 萬美元）再次被清算。在不到50 天的時間裡，這隻鯨魚已被清算4 次——總計清算1958 萬美元。",2025-04-07 15:02:32,https://www.odaily.news/zhtw/newsflash/426090,newsflashes,426090
以太坊跌出全球資產市值排名前80位，比特幣仍在前十,"Odaily星球日報訊 8marketcap 最新數據顯示，隨著ETH 價格跌破1500 美元，其市值在全球資產市值排名中快速下跌24 位，目前已跌出全球資產市值排名前80 位，降至第83 位，被麥當勞、匯豐銀行、IBM 等超越。不過，目前比特幣市值仍名列全球資產市值排名前十。
",2025-04-07 14:51:07,https://www.odaily.news/zhtw/newsflash/426088,newsflashes,426088
某鯨魚30枚BTC及2980枚WETH抵押部位已被清算,Odaily星球日報訊 根據派盾監測，某地址曾提供了30 枚BTC 和2980 枚WETH 作為抵押，並借出了555 萬枚USDT，如今已被清算。,2025-04-07 14:49:05,https://www.odaily.news/zhtw/newsflash/426087,newsflashes,426087
BTC跌破75000 USDT,"Odaily星球日報訊 OKX 行情資料顯示，BTC 跌破75,000 USDT，現報74967 USDT，24H 跌幅9.91%。 （本條快訊由AI輔助生成）",2025-04-07 14:44:00,https://www.odaily.news/zhtw/newsflash/426086,newsflashes,426086
ETH跌破1500 USDT,Odaily星球日報訊 OKX 行情數據顯示，ETH 跌破1500 USDT，現報1499.09 USDT，24H 跌幅17.09%。 （本條快訊由AI輔助生成）,2025-04-07 14:34:00,https://www.odaily.news/zhtw/newsflash/426083,newsflashes,426083
BTC跌破76000 USDT,"Odaily星球日報訊 OKX 行情資料顯示，BTC 跌破76,000 USDT，現報75962 USDT，24H 跌幅8.93%。 （本條快訊由AI輔助生成）",2025-04-07 14:26:00,https://www.odaily.news/zhtw/newsflash/426080,newsflashes,426080
BTC已跌回2024年11月7日價格水平,Odaily星球日報訊 行情數據顯示，BTC 短暫跌破76100 USDT，現跌至2024 年11 月7 日價格水準（74299-76418 USDT）。,2025-04-07 14:23:31,https://www.odaily.news/zhtw/newsflash/426078,newsflashes,426078
某鯨魚以7.7萬美元均價拋售432枚WBTC用於償還貸款,"Odaily星球日報訊 根據OnchainLens 監測，由於市場持續下跌，一鯨魚以77,030 美元的價格賣出了432 枚WBTC，換得3,327 萬枚USDT，以償還貸款。該鯨魚在Aave V3 上仍有100.28 枚WBTC（價值770 萬美元）作為抵押物，貸出374 萬美元，健康率升至1.61。",2025-04-07 13:33:25,https://www.odaily.news/zhtw/newsflash/426069,newsflashes,426069
Arthur Hayes：趕緊趁現在抄底比特幣,"Odaily星球日報訊 BitMEX 聯創Arthur Hayes 發文表示，「好險啊，兄弟們。如果BTC 跌破76,500 美元，我的信譽就完蛋了。趕緊趁現在抄底。」先前Arthur 曾發文表示，如果BTC 從現在到美國稅務日（4 月15 日）之間能守住7.65 萬美元，那麼我們就安全了。別被割韭菜了！ 」",2025-04-07 13:32:29,https://www.odaily.news/zhtw/newsflash/426068,newsflashes,426068
香港證監會：今日發布通函允許持牌虛擬資產交易平台提供質押服務,"Odaily星球日報訊 香港證監會投資產品部執行董事蔡鳳儀今日出席香港Web 3 嘉年華時表示，香港證監會將於今日發布通函，允許持牌虛擬資產交易平台提供質押服務，包括為虛擬資產現貨ETF 提供質押。質押允許投資者鎖定其虛擬資產以支持區塊鏈網路並獲得回報，但由於存在風險，證監會將實施額外保障措施，包括要求持牌平台必須保管被質押的虛擬資產，並為可被質押的虛擬資產現貨ETF 比例設定上限以管理流動性風險。 蔡鳳儀也表示，香港證監會正擴大合資格的虛擬資產標的範圍。最初虛擬資產現貨ETF 主要聚焦於比特幣和以太幣，現在更多虛擬資產已符合在持牌平台上零售交易的條件，將為ETF 產品多元化鋪路，例如追蹤一籃子虛擬資產的單一ETF。
",2025-04-07 13:15:57,https://www.odaily.news/zhtw/newsflash/426066,newsflashes,426066
持有超千枚BTC地址兩個月增76個，機構需求上升,"Odaily星球日報訊 根據數據分析師Ali 監測，過去兩個月新增76 個持有超過1,000 枚比特幣的地址，成長幅度達4.6%，顯示機構對比特幣需求持續上升。
",2025-04-07 13:13:23,https://www.odaily.news/zhtw/newsflash/426065,newsflashes,426065
ETH巨鯨緊急還款577萬DAI，清算風險暫時解除,"Odaily星球日報訊 根據鏈上分析師ai_9684xtpa 監測，面臨清算風險的ETH 巨鯨在距離清算不足20 分鐘時緊急拋售3,920 枚ETH 換得577 萬DAI 並還款。目前已累計抵押53,074 枚ETH，借出4,667 萬DAI，清算價格已降至1,495.17 美元，暫時緩解風險。

",2025-04-07 13:04:06,https://www.odaily.news/zhtw/newsflash/426064,newsflashes,426064
5.7萬枚ETH持倉巨鯨即將面臨清算，剩餘補倉時間不足20分鐘,"Odaily星球日報訊 根據鏈上資料分析師ai_9684xtpa 監測，距離「56,995 枚ETH 瀕臨清算巨鯨」部位觸發清算不足20 分鐘，今日下午1:00 MakerDAO 預言機價格將更新為1531.63 美元，而該巨鯨倉位的清算價格是1,564.58 美元。
",2025-04-07 12:50:45,https://www.odaily.news/zhtw/newsflash/426063,newsflashes,426063
"一巨鯨向幣安和新錢包存入1,000 BTC，已虧損904萬美元","Odaily星球日報訊 一位巨鯨已將1,000 枚BTC（價值7,758 萬美元）存入幣安，另外354.34 枚BTC（價值2,749 萬美元）存入新錢包，目前面臨904 萬美元虧損。三週前，這隻巨鯨從Coinbase Custody 提取了1,354.34 枚BTC（價值1.15 億美元）。
",2025-04-07 12:34:57,https://www.odaily.news/zhtw/newsflash/426060,newsflashes,426060
BTC跌破77000 USDT,"Odaily星球日報訊 OKX 行情資料顯示，BTC 跌破77,000 USDT，現報76978.3 USDT，24H 跌幅7.59%。 （本條快訊由AI輔助生成）",2025-04-07 12:17:00,https://www.odaily.news/zhtw/newsflash/426057,newsflashes,426057
"加密市場板塊重挫，ETH領跌11.71%，BTC一度跌破78,000美元","Odaily星球日報訊 根據SoSoValue 數據，在「對等關稅」引發的市場恐慌情緒下，加密市場遭重挫，總市值下降8.18%，加密板塊24 小時普遍跌幅約達4%至12%，Ethereum （ETH） 24 小時下跌11.71%，跌破1600 美元關口，抹平過去18 個月的漲幅。 Bitcoin （BTC）下跌5.11%，盤中一度跌破78,000 美元。 其他板塊方面，CeFi 板塊24 小時下跌4.95%，板塊下跌7.74%，其中，Solana（SOL） 、Cardano（ADA）分別下跌10.95%、10.Solana（Layer） 、Cardano（ADA）分別下跌10.95%、10.46%；Layer25%，XRP25%， DeFi 板塊下跌10.27%，Chainlink（LINK） 、Uniswap（UNI）分別下跌11.41%、11.91%；Meme 板塊下跌10.35%。 此外，反映板塊歷史行情的加密板塊指數顯示，ssiDeFi、ssiMeme、ssiSocialFi 24 小時分別下跌11.26%、10.49%、10.27%。
",2025-04-07 11:32:59,https://www.odaily.news/zhtw/newsflash/426053,newsflashes,426053
"比特幣現貨ETF上週淨流出1.73億美元，灰階比特幣ETF GBTC週度淨流出量為9,548萬美元居首","Odaily星球日報訊 根據SoSoValue 數據，上週交易日（美東時間3 月31 日至4 月4 日）比特幣現貨ETF 上週單週淨流出1.73 億美元。 上週單週淨流入最多的比特幣現貨ETF 為灰階（Grayscale）比特幣迷你信託ETF BTC，週度淨流入3,428 萬美元，目前BTC 歷史總淨流入達11.5 億美元。 上週單週淨流出最多的比特幣現貨ETF 為灰階比特幣ETF GBTC，週度淨流出量為9,548 萬美元，目前GBTC 歷史總淨流出量達226.2 億美元。其次為WisdomTree ETF BTCW，週度淨流出量為4,453 萬美元，目前BTCW 歷史總淨流入達4,942 萬美元。 截至發稿前，比特幣現貨ETF 總資產淨值為944.5 億美元，ETF 淨資產比率（市值較比特幣總市值佔比）達5.65%，歷史累計淨流入已達360.7 億美元。
",2025-04-07 11:29:56,https://www.odaily.news/zhtw/newsflash/426052,newsflashes,426052
以太幣現貨ETF上週單週淨流出4993萬美元，連續六週淨流出,"Odaily星球日報訊 根據SoSoValue 數據，上週交易日（美東時間3 月31 日至4 月4 日）以太坊現貨ETF 上週單週淨流出4,993 萬美元。 上週單週淨流入最多的以太坊ETF 為富達（Fidelity）以太坊ETF FETH，週度淨流入為642 萬美元，目前FETH 歷史總淨流入達14.1 億美元。 上週單週淨流出最多的以太坊ETF 為灰階（Grayscale）以太坊信託ETF ETHE，週度淨流出為3,108 萬美元，目前ETHE 歷史總淨流出達42 億美元。其次為貝萊德（Blackrock）以太坊ETF ETHA，週度淨流出為2,017 萬美元，目前ETHA 歷史總淨流入達40.5 億美元。 截至發稿前，以太坊現貨ETF 總資產淨值為61.6 億美元，ETF 淨資產比率（市值較以太坊總市值佔比）達2.80%，歷史累計淨流入已達23.6 億美元。
",2025-04-07 11:28:58,https://www.odaily.news/zhtw/newsflash/426051,newsflashes,426051
Synthetix創辦人：也許我本來應該賣掉所有的ETH,"Odaily星球日報訊 Synthetix 創辦人Kain 在X 發文表示：「也許我本來就該賣掉所有的ETH。」先前消息，Kain 數日前曾披露自2020 年起已賣掉了90%的ETH，並加倉至3,500 萬枚SNX。
",2025-04-07 11:27:00,https://www.odaily.news/zhtw/newsflash/426050,newsflashes,426050
黑色星期一：BTC失守8萬美元大關，ETH創19個月新低,,2025-04-07 11:26:41,https://www.odaily.news/zhtw/post/5202776,posts,5202776
《富爸爸窮爸爸》作者：美元衰退或無可避免，將繼續打造自己的比特幣、黃金與白銀本位,"Odaily星球日報訊 《富爸爸窮爸爸》作者Robert Kiyosaki 在X 平台發文表示，儘管對當前大規模失業潮深感痛心，但認為“某些事情終究必須有人來做”，而川普與馬斯克正在推動必要的改革。 同時表示，美國官僚體系腐敗成沼澤，必須清除，但問題是，這些削減措施是否足夠？川普和馬斯克能否拯救正在衰敗的美元？沒人知道，只有時間會給答案。 最後強調，無論未來如何，將繼續打造自己的黃金、白銀與比特幣本位。
",2025-04-07 11:26:28,https://www.odaily.news/zhtw/newsflash/426049,newsflashes,426049
Sei Network Larry TVL過去一月飆漲85.62%，突破4億美元,"Odaily星球日報訊 根據官方消息，Sei Network DeFi 負責人Larry 在「OKX Web3 Night」活動中發表主題演講「The Fastest Parallelized EVM Layer 1」。 Larry 表示，Sei 致力於擴展以太坊虛擬機器（EVM），目標實現每秒50 億gas 吞吐量。透過並行執行、快速共識和優化儲存。未來將從頭重建EVM，聚焦共識、儲存和執行三大領域。 Giga 升級將透過優化共識機制和提升網路吞吐量，進一步增強Sei 效能。升級後，Sei 的TPS（每秒交易量）預計將翻倍至10,000 TPS，滿足企業級大規模應用需求。 根據Defillama 數據顯示，Sei 網路過去一個月TVL 成長85%，位居所有公鏈之首。值得關注的是，Sei 生態中湧現出多個高成長項目，如Yei Finance、Sailor Finance、Silo 等，其中DeFi 協議Yei Finance 正依托Sei，打造全鏈流動性市場，整合多鏈借貸與交易，為鏈上用戶帶來媲美CEX 的使用體驗。
",2025-04-07 11:24:45,https://www.odaily.news/zhtw/newsflash/426048,newsflashes,426048
Jack Dorsey：如果比特幣僅是一種價值儲存手段會面臨失敗,"Odaily星球日報訊 Twitter 聯合創始人、現任Block 執行長Jack Dorsey 在「Presidio Bitcoin」播客節目中表示，如果比特幣只是成為一種價值儲存手段，它就會失敗，因為比特幣的成功源於支付。然而由於供應有限，比特幣有潛力成為與黃金同等的價值存儲手段，這一觀點導致許多人不願意花掉手中的比特幣，因為他們希望該資產的價值能夠繼續增長，但Jack Dorsey 指出，如果比特幣不過渡到支付並找到日常用例，最終會偏離白皮書初衷，導致最終失敗。
",2025-04-07 10:19:26,https://www.odaily.news/zhtw/newsflash/426042,newsflashes,426042
加密總市值跌破2.6兆美元，比特幣24H交易量超420億美元,"Odaily星球日報訊 或因「黑色星期一」市場預期影響，比特幣跌破8 萬美元並觸及78,574 美元的日低點，市場情緒導致比特幣交易量大幅上漲，Coingecko 數據顯示過去24H 比特幣交易量達到42,402,114,975 美元。 另一方面，加密總市值也跌破2.6 兆美元，目前觸及2,599,480,858,343 美元，24H 跌幅7.9%。分析認為，全球貿易緊張局勢被認為是導致比特幣暴跌的主要原因，迫使投資者在風暴過去之前謹慎行事，也增加了比特幣的拋售壓力。 （Coingape）
",2025-04-07 10:10:36,https://www.odaily.news/zhtw/newsflash/426040,newsflashes,426040
"某鯨魚地址的2,300萬美元借貸部位面臨清算","Odaily星球日報訊 根據Onchain Lens 監測，某鯨魚面臨清算，其提供了292.77 枚WBTC（約2,305 萬美元）和964.39 枚COMP（約3.8 萬美元）來借入USDT 和DAI，清算價格為76,284 美元。
",2025-04-07 09:51:31,https://www.odaily.news/zhtw/newsflash/426038,newsflashes,426038
某鯨魚向Hyperliquid存入240萬枚USDC，延長在ETH上的3倍多頭部位,"Odaily星球日報訊 根據Onchain Lens 監測，一鯨魚向Hyperliquid 存入240 萬枚USDC，以延長在ETH 上的3 倍多頭倉位，目前面臨276 萬美元的損失。
",2025-04-07 09:36:34,https://www.odaily.news/zhtw/newsflash/426036,newsflashes,426036
24H熱門幣種與要聞| BTC短線跌破7.8萬美元；ETH/BTC匯率再創新低（4.7）,,2025-04-07 09:32:59,https://www.odaily.news/zhtw/post/5202774,posts,5202774
BTC反彈突破79000 USDT，24H跌幅收窄至5.45%,Odaily星球日報訊 OKX 行情顯示，BTC 反彈突破79000 USDT，現報79005.9 USDT，24H 跌幅收窄至5.45%。 （本條快訊由AI輔助生成）,2025-04-07 09:19:00,https://www.odaily.news/zhtw/newsflash/426033,newsflashes,426033
某鯨魚地址過去3小時恐慌拋售1.4萬枚ETH,"Odaily星球日報訊 根據Lookonchain 監測，某鯨魚地址過去3 小時恐慌拋售14,014 枚ETH（約2,214 萬美元）。
",2025-04-07 09:15:58,https://www.odaily.news/zhtw/newsflash/426032,newsflashes,426032
"巨鯨繼續抄底ETH，7 Siblings增持25,102枚","Odaily星球日報訊 根據餘燼監測，Web3 開發團隊7 Siblings 在過去10 小時內購買了25,102 枚ETH，花費4,266 萬美元（約1,700 美元/枚）。目前，他們持有超過66 萬枚ETH，總價值達10.37 億美元。此外，7 Siblings 透過抵押貸款ETH 在多個借貸協議中藉入4.12 億美元，借貸部位健康，清算價格均在1,100 美元以下。
",2025-04-07 09:07:08,https://www.odaily.news/zhtw/newsflash/426030,newsflashes,426030
Symbolic Capital過去8小時向CEX存入3.8萬枚ETH,"Odaily星球日報訊 根據Lookonchain 監測，Symbolic Capital Partners 在過去8 小時內向CEX 存入了38,132 枚ETH（約6,130 萬美元）。
",2025-04-07 08:59:29,https://www.odaily.news/zhtw/newsflash/426029,newsflashes,426029
SOL與ETH創下365天新低,Odaily星球日報訊 據OKX 行情數據顯示，SOL 24 小時跌幅達12%，現報XX 美元，SOL 24 小時跌幅達13%，現報103.4 美元，ETH24 小時跌幅達13%，現報1564.6 美元,2025-04-07 08:45:07,https://www.odaily.news/zhtw/newsflash/426027,newsflashes,426027
分析：比特幣跌破8萬美元，股市暴跌或將重演1987年黑色星期一,Odaily星球日報訊 比特幣一度跌破8 萬美元，本週累計下跌逾3%，同時，美國股市因貿易關稅和衰退擔憂大幅回檔。標普500 和納指在4 月4 日收跌近6%，有聲音警告市場恐重演1987 年「黑色星期一」暴跌。 CNBC 主持人Jim Cramer 表示，“1987 年崩盤情況尚未排除”，並稱當前試圖構建更弱新秩序“相當艱難”。 儘管股市遭遇重挫，部分分析者認為比特幣表現出相對韌性，未來幾天或出現反彈。也有交易員預測，如果市場恐慌持續蔓延，BTC 價格可望在資金避險情緒推動下衝擊新高。 （Cointelegraph）,2025-04-07 08:35:23,https://www.odaily.news/zhtw/newsflash/426026,newsflashes,426026
某鯨魚地址過去1小時從Maker提幣1.4萬ETH至幣安,"Odaily星球日報訊 根據餘燼監測，某鯨魚地址過去1 小時從Maker 取回14,014 枚ETH （約合2214 萬美元）轉進幣安，已從幣安提回828 萬U，應該是在進行賣出。
",2025-04-07 08:28:08,https://www.odaily.news/zhtw/newsflash/426024,newsflashes,426024
交易員Eugene：上週五抄底的BTC部位已在今日下跌中打損清倉,"Odaily星球日報訊 知名交易員Eugene Ng Ah Sio 在個人頻道發文表示，其於上週五抄底建倉的BTC 倉位（曾減倉）已在今日下跌中因跌破止損價自動清倉。 上週五，Eugene 曾表示比特幣的支撐位非常牢固，在市場暴跌時比特幣的相對強勢已不容忽視。自己已在83200 美元價位建倉，並認為標普5100 點的底部是可信的，任何股市回升理論上都將助推比特幣飆升。
",2025-04-07 08:20:26,https://www.odaily.news/zhtw/newsflash/426023,newsflashes,426023
Casa安全主管Jameson Lopp警告比特幣地址投毒攻擊風險,"Odaily星球日報訊 Casa 首席安全官Jameson Lopp 發文警告比特幣地址投毒攻擊（Address Poisoning），該攻擊利用與用戶歷史地址前後字符相同的偽造地址，誘導用戶將資金發送至錯誤地址。 Lopp 分析指出，這類攻擊從2023 年7 月開始活躍，至今已累積近4.8 萬筆相關交易。 根據Cyvers 數據，2025 年3 月該類攻擊已致損失超120 萬美元。 Lopp 呼籲用戶在發送資金前務必仔細核對完整地址，並敦促錢包介面優化，避免隱藏地址中間部。 （Cointelegraph）
",2025-04-07 08:18:17,https://www.odaily.news/zhtw/newsflash/426022,newsflashes,426022
某持有5.7萬枚ETH巨鯨部位逼近清算邊緣,"Odaily星球日報訊 據餘燼監測，另一位持有5.7 萬枚ETH 的巨鯨目前清算價格為1564 美元，險些在此前與6.75 萬枚ETH 倉位相同的價格被清算。因其前幾日主動減倉才勉強避險。目前其部位仍處於清算線邊緣，預計需繼續減倉以降低風險。
",2025-04-07 08:08:24,https://www.odaily.news/zhtw/newsflash/426020,newsflashes,426020
"薩爾瓦多4小時前再增加1枚比特幣，目前總持倉達6,139.18枚","Odaily星球日報訊 根據薩爾瓦多財政部網站數據，薩爾瓦多4 小時前增加1 枚比特幣，目前總持倉達6,139.18 枚，總價值達4.88 億美元。
",2025-04-07 08:06:53,https://www.odaily.news/zhtw/newsflash/426019,newsflashes,426019
ETH/BTC匯率今早跌破0.02再創新低，24小時跌幅7.02%,"Odaily星球日報訊 根據行情數據顯示，ETH/BTC 匯率在今晨的下跌中跌破0.02 再創2020 年年初以來新低，最低觸及0.0198，現報0.02015，24 小時跌幅7.02%。
",2025-04-07 08:05:34,https://www.odaily.news/zhtw/newsflash/426018,newsflashes,426018
2個鯨魚地址逢低買進逾3萬枚ETH,"Odaily星球日報訊 據Onchain Lens 監測，兩大地址近日大額購入ETH。其中「7 Sibling」地址花費4,178 萬美元USDC/USDT，以1,665 美元均價買進25,092 枚ETH；另一新錢包則以813 萬美元DAI，以1,631 美元均價購入4,983.56 枚ETH。
",2025-04-07 08:04:33,https://www.odaily.news/zhtw/newsflash/426017,newsflashes,426017
ETH/BTC已跌至2020年「3·12」時期水平，暫報0.02128,Odaily星球日報訊 行情資料顯示，ETH/BTC 匯率對持續下行，現已跌至2020 年「3·12」時期水準（2020 年3 月12 日區間：0.02099-0.02458），現報0.02133，24 小時跌幅1.6%。,2025-04-06 22:38:11,https://www.odaily.news/zhtw/newsflash/426001,newsflashes,426001
某鯨魚20分鐘前將778.5枚BTC轉入幣安，浮虧253萬美元,"Odaily星球日報訊 根據鏈上分析師餘燼監測，某鯨魚在20 分鐘前將778.5 枚BTC （6,433 萬美元）轉進幣安，他在BTC 上虧損了253 萬美元。該鯨魚·是在一個月前（2 月27 日）從幣安提出978 枚BTC （8,406 萬美元），價格85,910 美元。 3 月24 日賣出200 枚BTC，剩餘778.5 枚在剛才也都轉進了幣安，轉出均價83,321 美元。",2025-04-06 21:29:59,https://www.odaily.news/zhtw/newsflash/425996,newsflashes,425996
CZ：BNB持有者越多越好，持有代幣就是為生態提供持續價值,Odaily星球日報訊 CZ 在BNB Super Meetup 上針對持有BNB 被稱為養老幣的說法表示，BNB 持有者越多越好，任何生態都是需要代幣持有者越來越多，持有代幣就是為生態提供持續價值，BNB 從開始到現在跑贏BTC 和以太坊,2025-04-06 21:11:39,https://www.odaily.news/zhtw/newsflash/425993,newsflashes,425993
Aave於以太坊網路產生超10億美元利息,Odaily星球日報訊 根據Token Terminal 披露，市場借款人已在Aave 平台（以太坊網路）上支付的總利息已超過10 億美元。 Aave 創始人stani.eth 對此評論稱，“DeFi 將會勝出。”,2025-04-06 19:56:55,https://www.odaily.news/zhtw/newsflash/425989,newsflashes,425989
某休眠8年的錢包轉移11104枚ETH，約合1997萬美元,Odaily星球日報訊 根據Onchain Lens 監測，某休眠8 年的錢包轉移11104 枚ETH，約合1997 萬美元，其中247.93 枚ETH 被發送到加密貨幣交易所Coinbase，10856 枚ETH 被送到一個新錢包。,2025-04-06 19:24:42,https://www.odaily.news/zhtw/newsflash/425987,newsflashes,425987
Andrew Kang：ETH今年重返1000-1500美元可能性似乎很大,Odaily星球日報訊 Mechanism Capital 合夥人Andrew Kang 在X 平台發文稱，過去幾個月沒有密切關注加密貨幣，但ETH 今年重回1000-1500 美元的可能性似乎很大，在投機風潮明顯已經過去的情況下，對於一個增長/盈利為負的資產來說，市值達到2150 億美元實在是太荒謬了，熊市太荒謬了，熊市太荒謬。,2025-04-06 18:58:38,https://www.odaily.news/zhtw/newsflash/425985,newsflashes,425985
分析：比特幣價格穩定性面臨潛在「基差交易暴跌」風險,Odaily星球日報訊 在關稅引發的美股動盪中，比特幣近期保持穩定，讓市場參與者對這種加密貨幣作為避險資產的潛力感到興奮，但短期內不排除出現大幅下行的可能，尤其是「美債市場基差交易」因債券價格動盪加劇而面臨風險。分析認為，1 兆美元美國國債基礎交易的潛在爆發可能引發全球現金搶購，可能導致包括比特幣在內的所有資產被拋售，據悉2020 年3 月中旬也出現了類似的情況，當時基礎交易額達到5000 億美元。 （CoinDesk）,2025-04-06 18:10:10,https://www.odaily.news/zhtw/newsflash/425983,newsflashes,425983
某鯨魚在過去21小時內已累計從Ethena贖回1766萬枚USDe,Odaily星球日報訊 根據鏈上分析師Ai 阿姨監測，「獵鯨小隊」的領隊KOL @Cbb0fe 在過去21 小時內已累計從Ethena 贖回1766 萬枚USDe，並將其中1200 萬枚兌換回了USDT，他在Season3 中累計獲得9416 萬枚積分，佔總積分池的萬分。,2025-04-06 17:47:46,https://www.odaily.news/zhtw/newsflash/425982,newsflashes,425982
Etherscan增加內部交易解碼器功能,Odaily星球日報訊 Etherscan 宣布增加內部交易解碼器（Internal Transactions Decoder）功能，用戶可在交易詳情頁面展開任何內部交易，以查看並解碼其輸入資料。,2025-04-06 17:07:50,https://www.odaily.news/zhtw/newsflash/425979,newsflashes,425979
數據：以太坊網路鯨魚數量2月至今已下降10%,Odaily星球日報訊 鏈上分析師Ali 在X 發文表示，自2 月以來，以太坊網路上的鯨魚數量下降10%，從999 降至896。,2025-04-06 17:07:31,https://www.odaily.news/zhtw/newsflash/425978,newsflashes,425978
Dragonfly合夥人：比特幣兼具黃金與納指屬性,"Odaily星球日報訊 Dragonfly 管理合夥人Haseeb Qureshi 發文分析當前加密市場趨勢。他表示，比特幣價格維持穩定，可能因其兼具黃金與納指屬性——在黃金上漲、科技股下跌之間「夾縫中生存」。 MicroStrategy 的持續買入力道也在提供支撐。 Haseeb 表示，市場目前預期降息和量化寬鬆重啟，作為最具風險的資產，山寨幣因此率先受益。此外，與股票和債券不同，山寨幣並未直接受到關稅影響。他也認為，上週五散戶在抄底股市，而機構資金則在流出；由於山寨幣由散戶主導，資金面未明顯波動，價格因此保持堅挺。
",2025-04-06 11:04:48,https://www.odaily.news/zhtw/newsflash/425962,newsflashes,425962
SEC代理主席指示工作人員審查關於加密貨幣風險和安全法律相關聲明,"Odaily星球日報訊 美國證券交易委員會（SEC）代理主席Mark T. Uyeda 於週六指示該機構工作人員審查幾份先前發布的關於加密貨幣投資和數位資產證券法律適用的員工聲明。這項指示是根據《行政命令14192》（題為「透過放鬆監管促進繁榮」）發布的，並回應了政府效率部（DOGE）的建議。 Uyeda 表示，將審查這些聲明，以確定是否需要“修改或撤銷”，以符合SEC 當前的優先事項。 具體審查的聲明包括：2019 年關於數位資產是否構成證券的指導意見，涉及如何透過「霍威測試」評估數位資產是否屬於證券；2021 年關於比特幣期貨的聲明，其建議投資者在投資涉及比特幣期貨市場的共同基金時要特別謹慎，強調該市場的投機性、市場風險、流動性、流動性，強調對投資者的影響，包括託管風險、流動性問題、聲譽損害和監管審查。 此外，Uyeda 還指示審查2021 年2 月發布的一份風險警示，警告投資者數位資產交易的“獨特風險”，以及2020 年關於懷俄明州允許州特許信託公司託管數位資產的聲明。 （The Block）
",2025-04-06 09:27:54,https://www.odaily.news/zhtw/newsflash/425954,newsflashes,425954
分析：沒有國家能在全球貿易戰中獲勝，比特幣價格將因此飆升,"Odaily星球日報訊 Bitwise 分析師Jeff Park 表示，川普的貿易政策可能引發全球宏觀經濟動盪和短期金融危機，但這也將加速比特幣作為價值儲存工具的廣泛採用。 Park 認為，貿易戰帶來的不確定性將促使各國政府採取更具通膨性的財政和貨幣政策，導致法定貨幣進一步貶值。隨著經濟成長承壓，全球資金可能湧入比特幣等抗通膨、非主權資產以避險。從長期來看，這將成為比特幣價格上漲的重要驅動力。 （Cointelegraph）
",2025-04-06 08:12:23,https://www.odaily.news/zhtw/newsflash/425951,newsflashes,425951
3月DeFi收入普遍腰斬，僅MakerDAO成長,"Odaily星球日報訊 Solana、以太坊和BNB Chain 上多數主流DeFi 協議3 月營收季減逾50%，反映出鏈上活動和交易量整體放緩。 Solana 協議合計收入約4,200 萬美元，環比下降55%；BNB 鏈上的PancakeSwap 收入為2,100 萬美元，下降54%；以太坊鏈上如Ethena、Lido、Aave 等協議合計收入為2,450 萬美元，下降超52%。唯一逆勢成長的是MakerDAO（現稱為Sky），3 月營收達1,000 萬美元，較上季成長11%。 DeFi 代幣表現同樣疲軟，GMCI 的GMDEFI 指數年內已下跌40%。 （The Block）
",2025-04-06 08:08:52,https://www.odaily.news/zhtw/newsflash/425950,newsflashes,425950
喬治亞州眾議院決議要求教育部實施「區塊鏈、加密貨幣和Web3」教育,"Odaily星球日報訊 根據Bitcoin Laws 披露，美國喬治亞州眾議院決議要求教育部在K-12 教育中實施「區塊鏈、加密貨幣和Web3」教育。 這項由民主黨發起的法案表示：“比特幣正日益被接受並普遍使用，以取代傳統貨幣。”
",2025-04-06 08:06:31,https://www.odaily.news/zhtw/newsflash/425949,newsflashes,425949
"某鯨魚將10,321枚ETH解除質押並存入幣安，約合1846萬美元","Odaily星球日報訊 根據OnchainLens 監測，一鯨魚解質押了10,321 枚ETH，價值1846 萬美元，並將其存入了幣安。
",2025-04-06 08:01:38,https://www.odaily.news/zhtw/newsflash/425948,newsflashes,425948
CryptoQuant創辦人：比特幣牛市週期已經結束，逆轉至少需要六個月時間,Odaily星球日報訊 CryptoQuant 創辦人兼執行長Ki Young Ju 在X 平台發文稱，比特幣牛市週期已經結束，原因如下： 鏈上數據中有一個概念，稱為已實現市值。其工作原理如下：當BTC 進入區塊鏈錢包時，被視為“買入”，而當其離開時，則被視為“賣出”。利用這個想法可以估算出每個錢包的平均成本基礎，將其乘以持有的BTC 數量，即可得出總已實現市值，通常被視為透過實際鏈上活動進入比特幣市場的總資本，而市值則基於交易所的最新交易價格。 當賣壓較低時，即使是小額買入也能推高價格，從而推高市值。 Strategy 利用了這一點，透過發行可轉換債券並使用收益購買比特幣，他們持有的比特幣的帳面價值增長遠遠超過實際投入的資本。但當賣壓很高時，即使大量購買也無法改變價格，例如當比特幣交易價格接近10 萬美元時，市場交易量龐大，但價格幾乎沒有變化。 實際市值顯示有多少實際資金進入市場，而市值反映價格如何反應。如果實際市值正在成長，但市值停滯或下降，則意味著資本正在流入，但價格沒有上漲——這是一個典型的看跌訊號。另一方面，如果實際市值持平而市值飆升，則表明即使是少量新資本也在推高價格——這是一個看漲信號。目前看到的是前者，即資本正在進入市場，但價格沒有反應，這是熊市的典型特徵。 簡而言之：當小資本推動價格上漲時，就是多頭市場。當大資本也無法推動價格上漲時，就是熊市。目前的數據顯然指向後者。拋售壓力隨時可能緩解，但從歷史上看，真正的逆轉至少需要六個月的時間——因此短期反彈似乎不太可能。,2025-04-05 23:17:08,https://www.odaily.news/zhtw/newsflash/425943,newsflashes,425943
因Blur表現不佳，OpenSea市場份額和市場容量出現反彈,Odaily星球日報訊 2022 年初，OpenSea 在以太坊NFT 市場交易量中所佔佔比高達97%左右。僅僅兩年後，該平台似乎在激烈的競爭中萎縮，其市佔率降至略低於20%，甚至在2024 年夏天跌至13%。然而此後的10 個月裡，OpenSea 在以太坊NFT 市場交易量中的份額穩步攀升，目前已經超過51%。不過分析認為，OpenSea 在市場佔有率和市場容量方面的「回歸」並不是因為OpenSea 協議本身表現良好，而是因為其主要競爭對手Blur 在相對競爭的基礎上表現不佳。 （The Block）,2025-04-05 21:59:35,https://www.odaily.news/zhtw/newsflash/425939,newsflashes,425939
BTC短時跌破83000 USDT，24H漲幅收窄至0.01%,"Odaily星球日報訊 OKX 行情顯示，BTC 短暫跌破83,000 USDT，現報82988 USDT，24H 漲幅收窄至0.01%。 （本條快訊由AI輔助生成）",2025-04-05 21:19:00,https://www.odaily.news/zhtw/newsflash/425938,newsflashes,425938
分析師：因貨幣供應量不斷增長，BTC或將在年底前推高至13.2萬美元,"Odaily星球日報訊 4 月2 日川普政府宣布實施全面對等關稅政策，希望藉此扭轉1.2 兆美元的商品貿易逆差。此舉造成標普500 指數兩日暴跌9.7%，市值蒸發5.4 兆美元，創史上最大跌幅，超越2020 年3 月疫情崩盤時的3.3 兆美元紀錄。納斯達克100 指數科技股遭血洗，單日跌幅創2022 年以來紀錄。比特幣同期跌幅僅3.7%，守住了82,000 美元的關鍵支撐位。 分析師對比特幣在2025 年剩餘時間內的上漲潛力充滿信心，Real Vision 首席加密分析師Jamie Coutts 表示，不斷增長的貨幣供應量可能在2025 年底之前將比特幣的價格推高至132,000 美元以上。 （Cointelegraph）",2025-04-05 20:17:33,https://www.odaily.news/zhtw/newsflash/425935,newsflashes,425935
"3月以太坊及比特幣鏈上NFT銷售額觸及約1.25億美元及8,897萬美元，均創年新低","Odaily星球日報訊 CryptoSlam 數據顯示，3 月以太坊鍊和比特幣鏈上NFT 銷售額均創年內新低，其中： 1、以太坊鏈上NFT 銷售額達到約1.25 億美元，鏈上交易量約為58.1 萬筆（其中獨立買家地址數約9.5 萬個、獨立賣家約4.5 萬個、獨立賣家地址數約3.2 萬個）。
",2025-04-05 19:43:32,https://www.odaily.news/zhtw/newsflash/425934,newsflashes,425934
比特幣超越白銀升至全球資產市值排名第9位,"Odaily星球日報訊 8marketcap 最新數據顯示，因白銀價格持續走低，其市值在全球資產中的市值已被比特幣超越。目前白銀市值約1.662 兆美元，24 小時跌幅7.65%，位列全球資產市值排名第10 位，比特幣超值升至第9 位。
",2025-04-05 17:59:20,https://www.odaily.news/zhtw/newsflash/425930,newsflashes,425930
21Shares：若BTC與納斯達克脫鉤持續，或將受到躲避美股的機構投資人青睞,"Odaily星球日報訊 納斯達克指數在周四暴跌6%之後，週五盤中再次下跌5%，但比特幣價格維持在83,000 美元左右，其表現也優於Coinbase、Strategy 等加密產業相關股票。 數位資產管理公司21Shares 加密投資專家David Hernandez 表示，比特幣表現出令人印象深刻的韌性，在短暫跌破8.2 萬美元後迅速反彈，鞏固了其在宏觀經濟壓力時期作為對沖工具的地位。如果這種脫鉤持續下去，可能預示著BTC 將越來越受到尋求躲避動盪股市的機構投資者的青睞。 （CoinDesk）",2025-04-05 17:40:05,https://www.odaily.news/zhtw/newsflash/425928,newsflashes,425928
Deribit：某用戶賣出5月底1800美元ETH看跌和買權，總計750枚ETH,Odaily星球日報訊 Deribit 亞太商務負責人LinChen 在X 平台發文稱，今日最大的ETH 大宗期權交易，某用戶買入5 月底1800 美元看跌期權和1800 美元看漲期權，共計750 枚ETH，總計收入27.54 萬美元。,2025-04-05 17:36:35,https://www.odaily.news/zhtw/newsflash/425927,newsflashes,425927
Deribit：某用戶賣出12月底9萬美元BTC買權和賣權，共100枚BTC,Odaily星球日報訊 Deribit 亞太商務負責人LinChen 在X 平台發文稱，今日最大的BTC 大宗期權交易，某用戶賣出12 月底9 萬美元的比特幣看漲和9 萬美元比特幣看跌期權，共計100 枚BTC，收入156.5 萬美元權利，盈利期為8.45%年間為8.45%。做空波動率。,2025-04-05 17:34:18,https://www.odaily.news/zhtw/newsflash/425926,newsflashes,425926
分析：Tether穩定幣可能不屬於美SEC「合規穩定幣」範疇,Odaily星球日報訊 美國證券交易委員會（SEC）發布新規明確部分穩定幣不屬於證券範疇，並可豁免交易報告義務，有分析認為，美SEC 所涵蓋的穩定幣可能不包括Tether 的穩定幣，因為其中指出，穩定幣可接受的儲備不包括貴金屬或其他加密資產，而這兩者都包含在Tether 的儲備中。此外，美SEC 也要求任何代幣都必須隨時兌換成美元，但Tether 的服務條款暗示可能會存在最低金額兌換或延遲兌換的情況。 （CoinDesk）,2025-04-05 16:53:27,https://www.odaily.news/zhtw/newsflash/425925,newsflashes,425925
根據P2P基金會註冊資訊今日為中本聰50歲生日,"Odaily星球日報訊 比特幣創始人中本聰在P2P 基金會網站上註冊資訊出生日期這一欄填寫的日期是1975 年4 月5 日，如果資訊屬實，意味著今日為中本聰50 歲生日。不過，這一日期可能不真實，因為這一天恰好是美國政府於1933 年4 月5 日根據第6102 號行政命令禁止私人持有黃金以穩定美元的42 週年。 此外，中本聰相關地址持有約110 萬枚BTC，自2010 年初以來一直沒有發生轉移，現在價值已超過900 億美元。 （beincrypto）
",2025-04-05 16:23:00,https://www.odaily.news/zhtw/newsflash/425923,newsflashes,425923
某早期ETH投資者再次拋售612枚ETH，目前仍持有32788枚ETH,Odaily星球日報訊 根據@ai_9684xtpa 監測，「2015 年ICO 10 萬枚ETH 的OG」時隔2 天再次拋售612 枚ETH（112 萬美元），成本低至0.31 美元。該巨鯨四月以來已累計賣出2213 ETH，獲利407.6 萬美元；目前三個錢包地址仍持有32788 枚ETH，價值5934 萬美元。,2025-04-05 16:13:17,https://www.odaily.news/zhtw/newsflash/425922,newsflashes,425922
Babylon：空投獲得的代幣不會設定轉帳鎖倉限制,Odaily星球日報訊 Babylon 在社群媒體回應早期採用者空投相關問題時表示，早期支持者空投涵蓋：比特幣質押第一階段質押者、獲得委託的第一階段最終性提供者，以及特定開源GitHub 代碼庫的貢獻者，所有第一階段質押（無論是否被接受、溢出、解綁或已提取）通常都會獲得空投分配，所有第一階段質押（無論是否被接受、溢出、解綁或已提取）通常都會獲得空投分配，投獲得的代幣。此外，Babylon 也確認Labs 積分計畫已於4 月2 日終止。,2025-04-05 15:45:01,https://www.odaily.news/zhtw/newsflash/425919,newsflashes,425919
Arthur Hayes：美元時代結束，黃金和比特幣將主導全球貿易,"Odaily星球日報訊 Arthur Hayes 在X 平台發文表示，美國國債和股票作為全球儲備資產的時代已結束。他提到，自1971 年尼克森將美元與黃金脫鉤以來，美國公債債務激增了85 倍。如果美國當前帳戶赤字被消除，外國買家將不再購買美國債券和股票，可能會推動黃金和比特幣等資產成為新的全球儲備資產。
",2025-04-05 14:48:16,https://www.odaily.news/zhtw/newsflash/425918,newsflashes,425918
星球午訊,1. Sui 聯創回應Paradigm CTO：自2018 年以來就認為Solidity 與EVM 存在問題2. 巨鯨地址「2024.qklpj.eth」解除質押6596 枚ETH 並轉入幣安3. Lens Chain 主網已上線4.3596 枚電價錢：目前為止比特幣已被認為、黃金及白銀6. 比特幣現貨ETF 昨日總淨流出6487.76 萬美元，十二支ETF 無一淨流入7. 以太坊現貨ETF 昨日總淨流入206.27 萬美元，九支ETF 無一淨流出8. 孫宇晨間：堅決行為追責FDT 詐騙行為,2025-04-05 13:03:13,https://www.odaily.news/zhtw/newsflash/425911,newsflashes,425911
以太幣現貨ETF昨日總淨流入206.27 萬美元，九支ETF無一淨流出,"Odaily星球日報訊 根據SoSoValue 數據，昨日（美國東部時間4 月4 日）以太幣現貨ETF 總淨流入206.27 萬美元。 昨日單日淨流入最多的以太坊現貨ETF 為Franklin ETF EZET，單日淨流入為206.27 萬美元，目前EZET 歷史總淨流入達3828.36 萬美元。 截至發稿前，以太坊現貨ETF 總資產淨值為61.55 億美元，ETF 淨資產比率（市值較以太坊總市值佔比）達2.8%，歷史累計淨流入已達23.59 億美元。
",2025-04-05 12:00:41,https://www.odaily.news/zhtw/newsflash/425910,newsflashes,425910
"比特幣現貨ETF昨日總淨流出6,487.76 萬美元，十二支ETF無一淨流入","Odaily星球日報訊 根據SoSoValue 數據，昨日（美國東部時間4 月4 日）比特幣現貨ETF 總淨流出6,487.76 萬美元。 昨日單日淨流出最多的比特幣現貨ETF 為灰階比特幣ETF GBTC，單日淨流出為2,521.20 萬美元，目前GBTC 歷史總淨流出量達226.21 億美元。 其次為Ark Invest 和21Shares 的ETF ARKB，單日淨流出量為2,181.51 萬美元，目前ARKB 歷史總淨流入達26.10 億美元。 截至發稿前，比特幣現貨ETF 總資產淨值為944.50 億美元，ETF 淨資產比率（市值較比特幣總市值佔比）達5.65%，歷史累計淨流入已達360.72 億美元。
",2025-04-05 11:58:57,https://www.odaily.news/zhtw/newsflash/425909,newsflashes,425909
BitGo CEO：目前全球貿易中只有比特幣、黃金和美元三種可行貨幣,"Odaily星球日報訊 BitGo 執行長Mike Belshe 在X 平台發文稱，當市場提到貨幣方面的「壟斷濫用」時，指的就是美國所進行的製裁控制，關稅不是壟斷濫用，所有國家都可以使用關稅，制裁阻止了非美國國家之間的貿易。 目前全球貿易中只有三種可行的貨幣：美元、黃金和比特幣，由於受到製裁威脅，美元將變得不可行，黃金在實體上很難兌現，相比之下比特幣更容易理解，但比特幣尚未贏得足夠的信任，所以市場仍在謹慎行事。
",2025-04-05 11:34:30,https://www.odaily.news/zhtw/newsflash/425908,newsflashes,425908
巨鯨位址「2024.qklpj.eth」解除質押6596枚ETH並轉入Binance,"Odaily星球日報訊 根據Lookonchain 監測，巨鯨地址「2024.qklpj.eth」約50 分鐘前解除質押6,596 枚以太坊（約1,200 萬美元），並轉入Binance 交易所。鏈上數據顯示，該地址曾進行多筆ETH 轉賬，或預示潛在大額拋售動作。
",2025-04-05 10:57:21,https://www.odaily.news/zhtw/newsflash/425907,newsflashes,425907
Yala宣布推出RealYield：基於比特幣的現實世界資產收益市場,,2025-04-05 10:17:04,https://www.odaily.news/zhtw/post/5202768,posts,5202768
《富爸爸窮爸爸》作者：目前市場崩盤已至，建議投資比特幣、黃金和白銀,Odaily星球日報訊 《富爸爸窮爸爸》作者Robert Kiyosaki 在社群媒體上表示，其在《富爸爸預言》一書中預警的最大規模股市崩盤已經到來，當前經濟已進入衰退，並可能陷入蕭條。他建議投資者關注非華爾街資產，特別是實體黃金、白銀和比特幣。 Kiyosaki 指出，在紙本資產市場崩盤後，聯準會和財政部可能會全速開動印鈔機，屆時黃金、白銀和比特幣的價值將會上漲。他強調這些資產價格上漲實際上反映的是美元價值下跌，導致食品、房屋和能源等必需品價格上漲，也就是通貨膨脹。,2025-04-05 09:50:57,https://www.odaily.news/zhtw/newsflash/425904,newsflashes,425904
Arthur Hayes：BTC持有者需要學會熱愛關稅，也許我們最終打破了與納斯達克的關聯,Odaily星球日報訊 Arthur Hayes 在X 平台發文表示，BTC 持有者需要學會熱愛關稅，也許我們最終打破了與納斯達克的關聯，並能夠成為最純粹的法幣流動性「煙霧警報器」。,2025-04-05 09:02:54,https://www.odaily.news/zhtw/newsflash/425901,newsflashes,425901
星球早訊,"1. 美SEC 發布新規，定義「合規穩定幣」並豁免部分監管義務； 2. 鮑威爾：美聯儲維持對2025 年降息兩次的預期； 3. Pump.fun 重新開放直播功能，強化內容審核政策；4. Tether CEO：Tether 不需要上； 5. 市場上620 萬枚； 7. Codex 完成1580 萬美元種子輪融資，Dragonfly Capital 領投； 8. 短期利率期貨交易員預計到6 月美聯儲將降息50 個基點； 9. 孫宇晨公佈FDT「詐欺」事件5,000 萬美元賞金計畫內容，就業計畫WF Labs 將2500萬枚USDC 轉至川普家族加密計畫WLFI；12. P2P.me 完成200 萬美元種子輪融資，Multicoin 和Coinbase Ventures 參投。",2025-04-05 08:57:06,https://www.odaily.news/zhtw/newsflash/425900,newsflashes,425900
